diff,lo,hi,lo_pat,hi_pat,seed_diff_mean,seed_diff_sd,seed_t_lo,seed_t_hi,n_seed_pairs,fm,optimizer,algorithm
0.0110659072416599,-0.05082265209454573,0.07630527132355652,0.005101736048174235,0.017916677958017855,0.011065907241659878,0.0878887523981501,-0.09806239245816784,0.12019420694148758,5.0,UNI_v2,adam,FedProx
0.015459723352318933,-0.0017611189499590757,0.03543128689492297,0.009719208097123849,0.02189707525927368,0.015459723352318955,0.01728928345067196,-0.00600775746312056,0.03692720416775847,5.0,Virchow2,adam,FedProx
0.03824247355573629,-0.05145671471457971,0.12685039530911574,0.031203013721035445,0.04578795863951035,0.03824247355573638,0.07063243105051925,-0.04945927318530304,0.1259442202967758,5.0,Phikon_v2,adam,FedProx
0.010903173311635483,-0.015706159185437232,0.0401671518009592,0.005042780695767327,0.01679043562322515,0.010903173311635506,0.04503791977988346,-0.04501879023303498,0.06682513685630599,5.0,Conch_v15,adam,FedProx
0.009764035801464566,-0.03122849451145708,0.05008267935273274,0.0041728414647803965,0.015473771531742656,0.00976403580146461,0.012890951601102419,-0.006242194704211432,0.025770266307140653,5.0,CTransPath,adam,FedProx
0.003742880390561476,-0.018635450086903645,0.02438716385732946,-0.0024792433639960307,0.0101516884737558,0.0037428803905614092,0.011994384873256833,-0.011150115487161417,0.018635876268284238,5.0,Midnight12k,adam,FedProx
-0.004556550040683505,-0.06341522470914782,0.05453291097609527,-0.009887025626127675,0.0009940766438005643,-0.004556550040683482,0.07760762184419712,-0.10091914007083504,0.09180603998946808,5.0,ResNet50,adam,FedProx
0.014863032275562774,-0.006081467048229752,0.03573681826313259,,,,,,,,MEAN_PATHOLOGY,adam,FedProx
-0.22620016273392995,-0.29222981172920504,-0.1631114246093857,-0.2497601152550628,-0.2035848621565207,-0.22620016273393,0.05791647757389449,-0.29811296784021046,-0.15428735762764956,5.0,UNI_v2,adam,SCAFFOLD
-0.2214808787632222,-0.2770148390120999,-0.16859342597502314,-0.24687143012511167,-0.195505584305611,-0.22148087876322217,0.054416800313016093,-0.2890482606093376,-0.15391349691710676,5.0,Virchow2,adam,SCAFFOLD
-0.36956875508543535,-0.4469056487805933,-0.2988506806727507,-0.39426163699631844,-0.3439369242317547,-0.3695687550854353,0.10379695139987187,-0.498449692761962,-0.2406878174089086,5.0,Phikon_v2,adam,SCAFFOLD
-0.2074857607811228,-0.26876444039824904,-0.14820284580635648,-0.23133421581537184,-0.1827239495100919,-0.20748576078112285,0.07757647802475523,-0.3038096806519069,-0.11116184091033883,5.0,Conch_v15,adam,SCAFFOLD
-0.23677786818551672,-0.33725411852659926,-0.14205672966732477,-0.2585159467567646,-0.21306023803931254,-0.23677786818551666,0.127446487952838,-0.39502358397406534,-0.07853215239696798,5.0,CTransPath,adam,SCAFFOLD
-0.24214808787632225,-0.28412982910230133,-0.2026350042892493,-0.2653613962363469,-0.21897417336073247,-0.2421480878763222,0.03794528152244072,-0.28926337784444334,-0.19503279790820105,5.0,Midnight12k,adam,SCAFFOLD
-0.04344995931651752,-0.12879566404300677,0.038830496992522896,-0.054251203719076845,-0.032263371182846765,-0.0434499593165175,0.044960678441880245,-0.09927601507261631,0.012376096439581305,5.0,ResNet50,adam,SCAFFOLD
-0.2506102522375916,-0.2804142421860943,-0.219492687930858,,,,,,,,MEAN_PATHOLOGY,adam,SCAFFOLD
-0.44003254678600484,-0.5451892622222911,-0.34518021944216576,-0.4728363195360854,-0.4074011637492972,-0.4400325467860049,0.10822326348567936,-0.574409476824293,-0.3056556167477168,5.0,UNI_v2,adam,FedBN
-0.48966639544345,-0.5511809387807791,-0.4278107750868403,-0.5197659183261889,-0.4583023335675952,-0.48966639544345003,0.06655051770169863,-0.5722997773354715,-0.4070330135514285,5.0,Virchow2,adam,FedBN
-0.4358014646053703,-0.5117012330439124,-0.3570558460032144,-0.4618526672349997,-0.40880316886651935,-0.4358014646053703,0.08146170237403859,-0.5369495276756041,-0.33465340153513645,5.0,Phikon_v2,adam,FedBN
-0.5205858421480878,-0.5804117953230922,-0.45595739263282964,-0.549650792960318,-0.49201635267189003,-0.5205858421480879,0.07788608079176372,-0.6172941846284107,-0.42387749966776517,5.0,Conch_v15,adam,FedBN
-0.2711147274206672,-0.35761668553864473,-0.18886359725471236,-0.29740076650855723,-0.2433726304882261,-0.2711147274206672,0.09392581781860458,-0.3877390339078741,-0.1544904209334603,5.0,CTransPath,adam,FedBN
-0.4318958502847844,-0.5452493654859244,-0.3331129570957095,-0.46440457300365606,-0.39846215732577445,-0.4318958502847844,0.13878184835355573,-0.6042162749895689,-0.2595754255799999,5.0,Midnight12k,adam,FedBN
0.011065907241659845,-0.08880284176153917,0.09639653853509272,-0.01608001005583634,0.039935943750453305,0.011065907241659895,0.14824493857154125,-0.1730044958985514,0.1951363103818712,5.0,ResNet50,adam,FedBN
-0.4315161377813941,-0.47096927017604184,-0.39224547397650666,,,,,,,,MEAN_PATHOLOGY,adam,FedBN
0.05679414157851903,0.020208181245823565,0.09991975308641984,0.04639273418257892,0.0677881846720068,0.05679414157851912,0.056191533544807624,-0.01297686262792764,0.1265651457849659,5.0,UNI_v2,adam_sel,FedProx
0.01659886086248985,-0.017415783589034894,0.04976219512195101,0.010762793107915525,0.022278896036522153,0.01659886086248983,0.04679343344994796,-0.04150286080465432,0.07470058252963398,5.0,Virchow2,adam_sel,FedProx
0.014971521562245793,-0.007754871829035251,0.0506393738588104,0.009135644922888722,0.021035980078144587,0.014971521562245727,0.038598313323664424,-0.032954614483137065,0.06289765760762851,5.0,Phikon_v2,adam_sel,FedProx
0.0061838893409276174,-0.007897495760909637,0.020942788582114756,2.1649348980190584e-16,0.012161552221444605,0.006183889340927595,0.006575135508815888,-0.001980219703680281,0.01434799838553547,5.0,Conch_v15,adam_sel,FedProx
0.10772986167615939,-0.0016026606425704915,0.20463846186894133,0.09369204064013655,0.12159555277399405,0.1077298616761595,0.14556229390364078,-0.07300959815994651,0.2884693215122655,5.0,CTransPath,adam_sel,FedProx
-0.0016273393002441683,-0.029543710471809745,0.026722009135604317,-0.00926676358087391,0.006170735289530411,-0.0016273393002441238,0.03236319251643833,-0.04181155031484308,0.038556871714354825,5.0,Midnight12k,adam_sel,FedProx
-0.0006509357200976673,-0.06959454922484441,0.06208199356913174,-0.009795794779207109,0.007624091722123762,-0.000650935720097634,0.07833952909707097,-0.0979223086361669,0.09662043719597162,5.0,ResNet50,adam_sel,FedProx
0.03344182262001625,0.012788981654221033,0.053589309206198824,,,,,,,,MEAN_PATHOLOGY,adam_sel,FedProx
-0.2356387306753458,-0.2872759853416786,-0.18390663621793862,-0.25873720171070574,-0.2127057594098733,-0.23563873067534585,0.0637695906620195,-0.3148191355805664,-0.1564583257701253,5.0,UNI_v2,adam_sel,SCAFFOLD
-0.22782750203417412,-0.2870601919132928,-0.17216881558937164,-0.2538871085165762,-0.20234022186437656,-0.22782750203417415,0.06941036122711018,-0.31401184867219534,-0.141643155396153,5.0,Virchow2,adam_sel,SCAFFOLD
-0.4009764035801464,-0.4456557873710479,-0.35359630790665286,-0.4302536006495963,-0.37275461145996874,-0.40097640358014647,0.04014039466130753,-0.4508172865047826,-0.35113552065551035,5.0,Phikon_v2,adam_sel,SCAFFOLD
-0.22733930024410087,-0.2760433175782727,-0.1769304529923949,-0.25204858862577545,-0.2033610819895829,-0.22733930024410093,0.04250051362756678,-0.28011065792061907,-0.1745679425675828,5.0,Conch_v15,adam_sel,SCAFFOLD
-0.08315703824247356,-0.16562327209953742,-0.00658222262338164,-0.10450064328786046,-0.060727751756440206,-0.08315703824247356,0.0702385921741443,-0.17036976942962517,0.0040556929446780715,5.0,CTransPath,adam_sel,SCAFFOLD
-0.22082994304312453,-0.2606371857806475,-0.17893312301708209,-0.24699190085950049,-0.1952211046206354,-0.22082994304312448,0.04851272867164162,-0.2810664516893294,-0.16059343439691956,5.0,Midnight12k,adam_sel,SCAFFOLD
-0.0016273393002441128,-0.06265936172844597,0.05927210689420955,-0.010072459273109586,0.006942193811233585,-0.0016273393002441017,0.0579678954186125,-0.07360398809317616,0.07034930949268796,5.0,ResNet50,adam_sel,SCAFFOLD
-0.23262815296989423,-0.26216679333372483,-0.20456886309756836,,,,,,,,MEAN_PATHOLOGY,adam_sel,SCAFFOLD
-0.39088689991863307,-0.45823135928097314,-0.32469753463405227,-0.4226245074843285,-0.36018710830070233,-0.39088689991863307,0.07625434828985037,-0.48556917889663104,-0.2962046209406351,5.0,UNI_v2,adam_sel,FedBN
-0.4960130187144019,-0.5614493210938993,-0.42991974129031485,-0.5263424803982832,-0.46528293650379987,-0.49601301871440195,0.07761188714759766,-0.5923809048182274,-0.3996451326105765,5.0,Virchow2,adam_sel,FedBN
-0.45337672904800647,-0.505176108209455,-0.3980977618862125,-0.4881588460918613,-0.42087186806792964,-0.4533767290480066,0.040566960881252515,-0.5037472638907983,-0.4030061942052149,5.0,Phikon_v2,adam_sel,FedBN
-0.44768104149715215,-0.49230477223804014,-0.40128440811367755,-0.48316600153516387,-0.4127375179417013,-0.44768104149715227,0.022952119486788457,-0.4761798619463685,-0.419182221047936,5.0,Conch_v15,adam_sel,FedBN
-0.24393816110659078,-0.35790461488303216,-0.14240056472914073,-0.2722314799615854,-0.21575238773176705,-0.24393816110659067,0.17427675671682813,-0.46033133564559214,-0.027544986567589164,5.0,CTransPath,adam_sel,FedBN
-0.46476810414971526,-0.5817214087631726,-0.3641472691697872,-0.5008136693885424,-0.4307054292488122,-0.46476810414971526,0.12735866566900253,-0.6229047741701854,-0.3066314341292451,5.0,Midnight12k,adam_sel,FedBN
0.1358828315703824,0.06786435519004363,0.20719391885256544,0.1083938286736522,0.16404188968520358,0.13588283157038245,0.07705412922214297,0.04020749340230691,0.231558169738458,5.0,ResNet50,adam_sel,FedBN
-0.4161106590724166,-0.45592128451437924,-0.37649140827314176,,,,,,,,MEAN_PATHOLOGY,adam_sel,FedBN
-0.011228641171684317,-0.03617196843853833,0.012006193320061987,-0.0156599992978022,-0.006770809205546026,-0.011228641171684295,0.034460614792346536,-0.054017145915309074,0.03155986357194048,5.0,UNI_v2,sgd,FedProx
-0.008624898291293648,-0.04291839625546619,0.026494637678338515,-0.014501214061089415,-0.003347140515165232,-0.008624898291293759,0.04747816443628438,-0.06757682577262639,0.05032702919003887,5.0,Virchow2,sgd,FedProx
-0.00016273393002441683,-0.007460016816300549,0.006533322042509908,-0.0008039071021967437,0.00033644554690858124,-0.00016273393002441683,0.00036388412978029006,-0.0006145557534903091,0.0002890878934414755,5.0,Phikon_v2,sgd,FedProx
-0.003905614320585782,-0.015094722805511699,0.005629539628284547,-0.008082569112884307,0.00016543625956265957,-0.003905614320585804,0.009530708194855214,-0.015739551563523108,0.007928322922351499,5.0,Conch_v15,sgd,FedProx
-0.003742880390561476,-0.05336692924361023,0.04905409988243513,-0.013519239925687413,0.006265705229452861,-0.003742880390561432,0.06471769016517039,-0.08410050631555932,0.07661474553443645,5.0,CTransPath,sgd,FedProx
0.00032546786004883366,-0.00807608782919777,0.00929215535121025,-0.0008424955299855319,0.001598721023181482,0.00032546786004881143,0.0009277261392181996,-0.0008264562872110003,0.001477392007308623,5.0,Midnight12k,sgd,FedProx
-0.028966639544344974,-0.08307184145334434,0.017449672849579583,-0.03653133042771468,-0.021018630573248296,-0.028966639544344953,0.06727576943502885,-0.11250054040327745,0.05456726131458755,5.0,ResNet50,sgd,FedProx
-0.004556550040683467,-0.015698335062421135,0.006621670412370314,,,,,,,,MEAN_PATHOLOGY,sgd,FedProx
-0.02912937347436939,-0.05080938903757581,-0.009686917741605312,-0.040783701316284796,-0.01930611258710222,-0.029129373474369412,0.024009459831502728,-0.058941055363465764,0.0006823084147269363,5.0,UNI_v2,sgd,SCAFFOLD
-0.004882017900732283,-0.03323400426552917,0.02813447680608024,-0.014064124903746181,0.0037311663495775338,-0.004882017900732305,0.03332570775634236,-0.04626134943644255,0.03649731363497794,5.0,Virchow2,sgd,SCAFFOLD
-0.0170870626525631,-0.02780251883041298,-0.007336443381180061,-0.025533784385293256,-0.009339225284750832,-0.017087062652563056,0.004915803894871647,-0.02319083937105502,-0.01098328593407109,5.0,Phikon_v2,sgd,SCAFFOLD
-0.015947925142392183,-0.03126205673758853,-0.0034649057258698867,-0.023417570764877,-0.00845271950949016,-0.015947925142392162,0.011573002808038468,-0.030317706080244596,-0.0015781442045397307,5.0,Conch_v15,sgd,SCAFFOLD
0.022782750203417357,-0.015028996184215545,0.06596773287300316,0.011068101202288242,0.03417195481539932,0.022782750203417402,0.05227787926512288,-0.042128810382528734,0.08769431078936353,5.0,CTransPath,sgd,SCAFFOLD
-0.021969080553295384,-0.03713852434455882,-0.007922303544354315,-0.03452540109419193,-0.009469319709248558,-0.02196908055329534,0.0023722342940786156,-0.024914598471557078,-0.0190235626350336,5.0,Midnight12k,sgd,SCAFFOLD
-0.04768104149715213,-0.20539166139448645,0.09274477661293451,-0.061014469754467726,-0.034257808715432096,-0.04768104149715213,0.1639616019043627,-0.251266259669617,0.15590417667531276,5.0,ResNet50,sgd,SCAFFOLD
-0.011038784919989164,-0.021584151423487175,-0.0002115743169885844,,,,,,,,MEAN_PATHOLOGY,sgd,SCAFFOLD
0.05972335231895842,0.03894819073500517,0.08520173833094143,0.04520365968617736,0.07587407971241615,0.059723352318958464,0.021010960809216498,0.03363479871448411,0.08581190592343282,5.0,UNI_v2,sgd,FedBN
0.08234336859235158,0.05011983261611293,0.12016351271437012,0.06471601710133815,0.10056909619681008,0.08234336859235147,0.030560851479410765,0.04439705955591488,0.12028967762878806,5.0,Virchow2,sgd,FedBN
0.025061025223759192,0.0016281085253064432,0.04696623151302302,0.009959839357429723,0.04102399383365433,0.02506102522375917,0.019683407146243823,0.0006208472082815247,0.04950120323923682,5.0,Phikon_v2,sgd,FedBN
0.06834825061025229,0.047773228276747404,0.08987867679148102,0.049277387033078136,0.08900019184915149,0.06834825061025226,0.010886157982310537,0.05483130016485874,0.08186520105564579,5.0,Conch_v15,sgd,FedBN
0.14353132628152965,0.09927442884198664,0.19448656015037596,0.11836502601040413,0.16986093515600584,0.1435313262815297,0.04779088534142986,0.08419110451079223,0.20287154805226718,5.0,CTransPath,sgd,FedBN
-0.020504475183075632,-0.16261948166919143,0.1074363015415466,-0.042943301909422346,0.0027827504053473426,-0.020504475183075653,0.1748229410632399,-0.23757582716139913,0.1965668767952478,5.0,Midnight12k,sgd,FedBN
0.3542717656631408,0.3074210904817449,0.4016596321977693,0.32285894783096075,0.3865396222880986,0.3542717656631408,0.044768840616732315,0.29868390802802186,0.4098596232982597,5.0,ResNet50,sgd,FedBN
0.05975047464062925,0.031134892358092955,0.08760428005106499,,,,,,,,MEAN_PATHOLOGY,sgd,FedBN
