fm,optimizer,lr,n,val,acc,acc_sd,bacc,bacc_sd,f1,f1_sd,macro,macro_sd,train_macro,rounds,best_round,total_steps,n_params,keys
CTransPath,adam,0.0001,5,0.9711111307144165,0.9479251423921887,0.006249915173204739,0.9385884413184385,0.008214396453991748,0.9381681509104421,0.007287035580526903,0.9375033154949856,0.006952816225499408,,116.2,66.2,12782.0,3279881,25fa436cf578;45b255dd6dcb;9cf9efafc57e;ab96626ab33f;d026cfc876be
CTransPath,adam,0.0003,5,0.967555582523346,0.9461350691619203,0.003172268297740932,0.9375699895879979,0.006757504320897339,0.9358378751067822,0.0036650624361772408,0.9379063814358929,0.003761238931345034,,111.0,54.4,12210.0,3279881,936a8147a3b8;b3cae9fc6289;c5e46ab09666;d5e2f28e0f6a;ef306938683f
CTransPath,adam,0.001,5,0.9680000305175781,0.942880390561432,0.0053788425975714845,0.9365877754796627,0.00781427903759586,0.9343250199464537,0.007843116436267828,0.9348055571932393,0.006804853549279183,,156.4,106.4,17204.0,3279881,1b258dfbd202;5cdba09522c7;71e0cd470055;ac937c1257bc;b53df6c53ce7
CTransPath,sgd,0.003,5,0.9666666865348816,0.937672904800651,0.002735188985186599,0.9327182383925038,0.004597584647041635,0.9274637733579649,0.0023032009806403654,0.9257468446071362,0.0031252564002172854,,237.0,187.0,26070.0,3279881,27f8450cac7c;72852d7151fe;96cdb07bddc8;c31271e447b2;d2519380badc
CTransPath,sgd,0.01,5,0.9728889226913452,0.945646867371847,0.006645245561951297,0.9397074731670552,0.0075105896469151385,0.9374889007768106,0.007072454109415734,0.9375718710002493,0.006921664122143493,,193.8,143.8,21318.0,3279881,09da0ff82898;2d7ad4ad8c6a;76b504e1d6de;8923177ae9bf;c43ab54f11ae
CTransPath,sgd,0.03,5,0.972444474697113,0.940113913751017,0.009071595594576824,0.9297077220716419,0.017035535132843914,0.9281975349048409,0.012953129079035893,0.9306550978725454,0.007308969082394496,,127.6,77.2,14036.0,3279881,259e830f5bec;8633ffb1a479;9c3e38849207;bee45bc5848a;f43750ae093a
CTransPath,sgd,0.1,5,0.9515555739402771,0.9244914564686738,0.008714246206991214,0.9177848778974717,0.009736989821375174,0.9089541501378025,0.010979371945752768,0.9089282332237059,0.009690613429652457,,138.4,88.0,15224.0,3279881,58515aa2ddff;846eb1717222;bb8f0621dd96;c61d9364cfff;fd27efe12b43
Conch_v15,adam,0.0001,5,0.9764444708824158,0.9414157851912124,0.003305141743139143,0.9339267110414451,0.004743936708419539,0.932668087249845,0.0049424690912777056,0.9353397866168711,0.0041602646122077865,,106.4,42.2,11704.0,3279881,2e25389159f0;4e8676fc2da1;73ccc5010342;b4fb5f2906bd;cfc1825e50cd
Conch_v15,adam,0.0003,5,0.9751111268997192,0.940113913751017,0.004765354097427617,0.9346749663266183,0.0049945464436022225,0.9324092432800368,0.005421560354903457,0.934788642468351,0.003929901258680267,,121.2,59.2,13332.0,3279881,0c22f6ad2d4c;19448ff79b5d;263b35f4a45a;49d73f1494e9;5eb2c5cf46b6
Conch_v15,adam,0.001,5,0.9751111388206481,0.9365337672904801,0.00635496312116082,0.9309484455776496,0.008507956789418238,0.9277559593756264,0.008104480884992183,0.9330425311377232,0.008599443750944487,,110.2,49.2,12122.0,3279881,058d2e13df33;455419c720d6;6851470217ac;b698239cf225;ca6a36fe058b
Conch_v15,sgd,0.003,5,0.9777778029441834,0.9425549227013832,0.0021984143345982667,0.9375550513212321,0.004887124655934993,0.9351981400514525,0.0031353524949451587,0.9395605173146526,0.0030873027898387557,,130.4,80.4,14344.0,3279881,62a75e3b68fc;66e834c96b0b;7b38b8715f44;d304bed751e8;d41e6cdea899
Conch_v15,sgd,0.01,5,0.9795555710792542,0.943205858421481,0.0006807648710610469,0.9358691728859908,0.004171344817461046,0.9363365479584482,0.0017415699691664403,0.9393705293560141,0.0029823006048874277,,131.4,78.0,14454.0,3279881,00272597517c;8784d243f9e1;bd725f3107e2;c257659811dd;ce3c42fee930
Conch_v15,sgd,0.03,5,0.9795555710792542,0.9417412530512612,0.0027950470361785794,0.9357659322342217,0.003936730412835313,0.9337557195390913,0.002619115095866664,0.9361021295816778,0.001801131242758314,,128.4,78.4,14124.0,3279881,5d5845a754a5;6d723c161b9f;9a29f30a2c96;c13b746aeede;f0460fbbbb19
Conch_v15,sgd,0.1,5,0.5471111178398133,0.5287225386493084,0.16444221355130384,0.3323300533968543,0.1574320076362263,0.26737080161394083,0.15357967751020704,0.42732727096011064,0.162347626511741,,100.6,22.2,11066.0,3279881,84fdb0ae5b02;852fd4bdb850;cd7faf0251ab;ef3b132bd97c;f7a8624281ad
Midnight12k,adam,0.0001,5,0.9857777833938599,0.9558991049633848,0.00156512482194239,0.9450145810294746,0.0029051347765345847,0.9477121372123817,0.0018150272901267701,0.9443574481216256,0.002185911042416458,,138.6,88.2,15246.0,6425609,11624bbc7f3e;65d4894de021;7ddf61998ab9;9dd26d094ab1;ea18128444d5
Midnight12k,adam,0.0003,5,0.9875555753707885,0.9526444263628967,0.0035185920765564687,0.9443106181652035,0.0049552891771050935,0.944446476754556,0.00514302167204933,0.9381536533193865,0.003453560434596782,,119.8,67.6,13178.0,6425609,0276f2f7cd76;737efa1260ec;8bbc1d0704f8;d52162416d09;f07d2a360162
Midnight12k,adam,0.001,5,0.9857777833938599,0.9495524816924329,0.0028767566362349166,0.9420399911458329,0.0034776845205966933,0.9431049819135398,0.002772337633086635,0.9363353696406284,0.004856035057411925,,148.2,98.2,16302.0,6425609,149b9b38de62;69de0e4a794c;6c139f7b4eff;81aa6af81deb;f57c9134d76a
Midnight12k,sgd,0.003,5,0.9782222509384155,0.9489015459723353,0.002329995291013259,0.9420065641659907,0.0030181373464488294,0.9430233942247165,0.002319900383112959,0.9380296392796147,0.0022626436754432833,,276.8,238.2,30448.0,6425609,70b673087b9d;896b931dc49e;9d1d905c1e8e;d6ede717234e;eae304cb1784
Midnight12k,sgd,0.01,5,0.9808889031410217,0.951179820992677,0.0020744587117952676,0.9428127264588418,0.0021026901862641655,0.9445670689174832,0.001970295702418235,0.9401909167329731,0.0027591366688593326,,194.0,144.0,21340.0,6425609,373349598b90;a3f9d8efe144;bcf1947d2afe;da30b26233dd;e58589a2aff6
Midnight12k,sgd,0.03,5,0.9826666831970214,0.9505288852725794,0.003011677058311133,0.9412568564808902,0.002685774465353984,0.9430005701163712,0.002621845862783089,0.9405411928677274,0.004375233065764087,,169.4,119.4,18634.0,6425609,1cc29df66f8c;263185331447;4b3535e9e1cf;5b6a1059d025;a7526ab45f21
Midnight12k,sgd,0.1,5,0.9511111378669739,0.9324654190398698,0.008136696501220494,0.926854521901969,0.006245011809376264,0.926718979542934,0.007806228080422289,0.9246340509129084,0.006499736710246769,,121.4,64.6,13354.0,6425609,2493828424bd;8b852121e025;b8ffdc8e8319;bc223e23b81f;de9dc3f9f8a0
Phikon_v2,adam,0.0001,5,0.9928889036178589,0.9679414157851912,0.0009277261392182141,0.9632614134484869,0.002220369017713504,0.9642576214535629,0.0016353032047950397,0.9616322384780329,0.0034825630887573874,,101.8,32.4,11198.0,4328457,29c3a75f0f51;2ff5fb6f4e73;33bef115e352;5d7e9716c569;d25e4cf407c7
Phikon_v2,adam,0.0003,5,0.9937777876853943,0.9681041497152156,0.003565321773833492,0.9636632219706615,0.005835227270373388,0.9643254374570741,0.004898887710723706,0.9621064908498879,0.0058365682450557165,,120.4,68.0,13244.0,4328457,27890006590b;3136f4971a63;4ea6b0d4815d;7109a6db6db6;eff7d7b0df0b
Phikon_v2,adam,0.001,5,0.9915555953979492,0.9692432872253864,0.0035185920765565338,0.9645598652635925,0.005831105900225934,0.965686781245949,0.00471222473700299,0.9641971378108449,0.007194872014314059,,101.6,33.6,11176.0,4328457,371c196b1080;509caf1774ea;569fd31543a3;e9ead229d1cd;ea8a1927c971
Phikon_v2,sgd,0.003,5,0.9937777996063233,0.9689178193653376,0.0014555365191211073,0.9658575628835987,0.0023127735669805365,0.9663033242252531,0.0020328452192455698,0.9647660594856855,0.0008017946619463489,,173.2,123.2,19052.0,4328457,68a6fa05c193;6b95cc443b13;76921b190483;81eb16ad9080;d34ede7a61a8
Phikon_v2,sgd,0.01,5,0.9942222356796264,0.9684296175752645,0.0010608954280232224,0.9655594754478859,0.0014477594375582005,0.9657527967343886,0.0009675907716855079,0.9637308050781572,0.002621230868812343,,104.2,52.2,11462.0,4328457,5c2cb8e24306;85ada1be80e6;93ef44d48269;a33c642feb50;ddcc5ae1c1d1
Phikon_v2,sgd,0.03,5,0.9937777876853943,0.9705451586655818,0.0014555365191211106,0.9673555605172026,0.001407866631437717,0.9670130957208167,0.0020066031190127784,0.965166973708128,0.001016018093225534,,100.0,32.2,11000.0,4328457,360e680d0eaa;4536e31b7692;5bdd59eeec0d;60f46bdf8173;7c6e6183653d
Phikon_v2,sgd,0.1,5,0.988444471359253,0.9666395443449959,0.00734559401353449,0.9643945591590919,0.0049751872835067,0.9629637459323153,0.0075794796720889115,0.958281237990367,0.008464117752949777,,154.8,104.8,17028.0,4328457,029f693cdc8c;148fc6452cca;2163badf2ded;8fc2b56d8c00;ef8244a0d972
ResNet50,adam,0.0001,5,0.9533333659172059,0.9121236777868186,0.0036840460285343596,0.901836052069082,0.006906756324397162,0.8986900129427691,0.005379363557843762,0.9007529523997253,0.006844854374358527,,212.4,162.4,23364.0,4328457,0d13e3dd46f8;19caede37a6c;4f35cc7c7e05;ccefa5fb2cef;cd545cdbf1aa
ResNet50,adam,0.0003,5,0.9511111378669739,0.907892595606184,0.00770627208628256,0.8971976063631967,0.009644845172472603,0.8950909196820749,0.008861889010782605,0.8955575792986362,0.008305838379934125,,145.6,95.6,16016.0,4328457,1038ee923b3f;20ed22e43590;5e01f148725a;5f84e88a9af4;f12bcdcbbc36
ResNet50,adam,0.001,5,0.9320000171661377,0.8851098454027666,0.014179813312141408,0.8630112909483458,0.01656008292263354,0.860146461397458,0.01713293143917946,0.8671992366955787,0.014783117231515985,,131.4,78.2,14454.0,4328457,027d4d49fd05;3d4497b4a6fb;79fb082ff56e;8d5fcb0a4050;d8ffd5f3b62f
ResNet50,sgd,0.003,5,0.8991111278533935,0.8502847843775427,0.0026365910083026396,0.8338188408701136,0.006521056845705897,0.8189521714393436,0.007111026170762682,0.8300959390959619,0.0038967787282940098,,300.0,294.0,33000.0,4328457,099bd8c81df8;4bbc480a08cf;c284d9ab4d24;e6aa4d7e76b1;ec4484ad1551
ResNet50,sgd,0.01,5,0.9488889098167419,0.9026851098454027,0.003335053137822456,0.8894036203940203,0.005759033657558307,0.8842402035445172,0.005453460439181025,0.8830731318807304,0.00706043424910735,,294.2,249.2,32362.0,4328457,5bd8b81d97f3;bd2da71ce26f;c4c7800f7fcd;e0d66ee9f2fb;efa07708880a
ResNet50,sgd,0.03,5,0.9502222418785096,0.9062652563059398,0.004204397293006972,0.8932804657451557,0.007360483246240827,0.8899054861156349,0.005714788733277078,0.8897407268860947,0.006970636403699506,,208.0,158.0,22880.0,4328457,0eb0fe9e9c3b;4b5647641b88;790ade5270b6;9ef86b24e291;d62ea93bb84e
ResNet50,sgd,0.1,5,0.9368888974189759,0.8943856794141579,0.009049674671049217,0.8819671400715995,0.012487193062665925,0.8770190830579173,0.013346794993427084,0.874546077995259,0.013655818279204718,,149.6,99.6,16456.0,4328457,3390d2c05841;4751d01ba7c7;cdabade0dede;dd22ee4b2967;faab5545dd62
UNI_v2,adam,0.0001,5,0.9866666793823242,0.9695687550854354,0.0024137342512923284,0.966004580983548,0.003047711585281681,0.9642333263626337,0.0031185597102597225,0.9654258232689606,0.0021002651700747794,,103.8,32.4,11418.0,6425609,10ec06c83d59;3f35ab9c617b;a47bf903fe3f;be91e69e1e65;c5e352541666
UNI_v2,adam,0.0003,5,0.9875555753707885,0.9684296175752645,0.005254315473055496,0.9629545265154249,0.006644671642788344,0.9614288156506788,0.0055381102195817666,0.965179096032645,0.0034147799137804937,,116.6,56.6,12826.0,6425609,08afa817575b;487799338813;6544c0ee755e;9bc418b52c3e;faa098860594
UNI_v2,adam,0.001,5,0.9840000152587891,0.9661513425549227,0.002272455662126747,0.9641157130576653,0.0038631028272864422,0.9606600551080431,0.0035832574853232615,0.9635031123119816,0.001983414488937292,,118.2,68.2,13002.0,6425609,2eecdd3d0981;3cf33349dd19;3e9d40a55794;f2908fa10284;f811cec30d5e
UNI_v2,sgd,0.003,5,0.9866666793823242,0.9679414157851912,0.0007277682595605738,0.9645338606656313,0.0006853160989817084,0.96163737921958,0.0011179478348470318,0.9668567140140348,0.0015270982665976781,,160.6,110.6,17666.0,6425609,0a8bbde47076;0e884203d932;3c10d1f31399;4d7e754340c5;cd44b9ad65cc
UNI_v2,sgd,0.01,5,0.9875555753707885,0.9687550854353132,0.003285049509875722,0.9649695702304483,0.0031672698967781378,0.9628039347111338,0.0030337538157316824,0.966841354964408,0.003467895789935437,,113.4,60.4,12474.0,6425609,3ec02afdaee5;49090863d659;56f1121fa95e;6506748c2e34;cbb4fea4424f
UNI_v2,sgd,0.03,5,0.9857778072357177,0.9633848657445077,0.002759288032190935,0.961517422270514,0.003034476479754825,0.9580241459558583,0.0030501655522183996,0.9627054550387883,0.0031781215126048474,,132.8,82.8,14608.0,6425609,4fde7b177dd2;7a5e541a0af3;a6ac97093c83;b1e942661064;b4f34f78ba6c
UNI_v2,sgd,0.1,5,0.4817777931690216,0.476159479251424,0.034049911808057325,0.29153171054124366,0.03100634215494318,0.21796942478570802,0.03421237069324917,0.37883484075986484,0.030590236608488412,,106.2,33.6,11682.0,6425609,0a5d97a8d36a;607ad3dd464e;bdb32f1b3ffa;dda9fd6f0e9b;df23b186b720
Virchow2,adam,0.0001,5,0.9840000152587891,0.9661513425549227,0.0037990618486342387,0.9645425583311408,0.003066431048915001,0.9600922345945874,0.004507294029348184,0.9575350265045298,0.0037822104550303062,,121.6,69.8,13376.0,10619913,0fb12b5afbf1;42fb494d6d9a;6d468d134ac3;ddadcbd7b5b4;f31ae91eb176
Virchow2,adam,0.0003,5,0.9840000033378601,0.9615947925142392,0.0057362267638778495,0.9597117459116233,0.00567539707897421,0.9561618353210835,0.006214849932705393,0.9541944881586627,0.0065520405956110035,,126.4,75.4,13904.0,10619913,0b6e00e550e0;4e6f57128171;615da92abfb1;6f3556fbc712;fdafe426ae03
Virchow2,adam,0.001,5,0.9737778067588806,0.9563873067534582,0.005770747998859926,0.9535801797916686,0.0060255570063712915,0.9495953581028527,0.006472213331274566,0.9497249226107719,0.00606337533804663,,100.0,35.4,11000.0,10619913,19fc5493525b;3311bca9a2a9;6623f481bef4;86986a562c90;c42bc70e04d5
Virchow2,sgd,0.003,5,0.9826666831970214,0.9705451586655818,0.000891330443458341,0.9685476730832555,0.0008587385826191263,0.9668920207271461,0.0012327480800762756,0.964137888764057,0.002343302637521696,,129.2,79.2,14212.0,10619913,0680abf84bcf;12ebcb17dd73;2e3c64ea9175;cb6053064ee0;edecb9d96def
Virchow2,sgd,0.01,5,0.981777799129486,0.9632221318144832,0.0038766897476229553,0.9614491115696184,0.003763841045642148,0.959229644265133,0.004073734462849548,0.9571792759565346,0.006563287951445937,,111.0,58.0,12210.0,10619913,169ac6d2c6d4;5447e38f320c;a5b6e0e94730;d954de3e724b;e12ab5a1362b
Virchow2,sgd,0.03,5,0.8871111273765564,0.8703010577705452,0.044553893202278295,0.8236609101849401,0.1160632317790936,0.812685085651767,0.11322595745087835,0.8437633143735044,0.07157216530475999,,105.8,37.4,11638.0,10619913,083bc6e75805;170f92172b7b;9ee2a68fad0d;cb92ada1dd96;d16de99bfacd
Virchow2,sgd,0.1,5,0.3199999928474426,0.2816924328722539,0.0003638841297802601,0.11128074639525021,0.0003793160267175185,0.04917365176746795,0.0007599783476878289,0.18704939919893188,0.0002985404509345398,,100.0,2.4,11000.0,10619913,17553727a864;34b095107ce4;833a27222a5d;9adb0a392af6;bc0e9d5f0338
