fm,algorithm,optimizer,lr,n,val,acc,acc_sd,bacc,bacc_sd,f1,f1_sd,macro,macro_sd,train_macro,rounds,best_round,total_steps,n_params,keys
CTransPath,FedAvg,sgd,0.03,5,0.9524444699287414,0.9332790886899918,0.0044566522172917716,0.9267756252370098,0.00504712839395,0.9219030196582008,0.00518064193018361,0.9253535191291569,0.006588379827575327,,221.8,171.8,6908.2,3279881,42d5d0d38fd4;8e2103f9d395;ad61f7d021dd;b980340dcdba;f5aa98dbef0a
CTransPath,FedProx,adam,0.0003,5,0.9533333539962768,0.9251423921887714,0.009915425229417376,0.9072493517799177,0.013559833572129091,0.9095835265248438,0.013822502957848273,0.8951598750716568,0.016449786745476543,,231.2,181.2,7160.8,3279881,4342ad050e09;510a6b6188c8;57bbdd00ed23;59c0b41e351c;6a708701965e
CTransPath,SCAFFOLD,adam,0.0003,5,0.7226666808128357,0.7056143205858422,0.04068104142391749,0.5396460275103722,0.0625885933120465,0.49692774385223026,0.06843238878101598,0.6372045674397186,0.056619354102110296,,143.2,67.8,4424.2,3279881,8ecfff047acb;9ccd75e06dc3;b7a08ca98036;b9de4ae958b0;f00531679be7
Conch_v15,FedAvg,sgd,0.03,5,0.9737777948379517,0.9365337672904801,0.002933727644803889,0.9335363515337496,0.002282836771956113,0.9289168242773347,0.003623100057667458,0.9376435103905134,0.0031533730978392316,,202.2,152.2,6267.0,3279881,0edc69f7c53c;5e88f1430b76;8437bed14f22;85e0ac071298;9d1b54976670
Conch_v15,FedProx,adam,0.0003,5,0.9702222466468811,0.9314890154597233,0.005736226763877795,0.9197900355150213,0.008050950942936855,0.9208365133325269,0.007349234359872074,0.9137008803717427,0.007554855904378758,,174.2,124.2,5416.0,3279881,24b87c2bc7b5;3627a5b81fa8;749bdc078e78;860ec9a42fc5;f4cdff9f77ee
Conch_v15,SCAFFOLD,adam,0.0003,5,0.763111126422882,0.7500406834825061,0.0366530858374264,0.605573851120593,0.03998503449483025,0.5731484361817142,0.060555482351140597,0.6989349486590657,0.03935848980886802,,146.6,87.0,4531.0,3279881,0c94984dfee8;5857fce112f8;a0ca8793eb13;d0f6ed55f192;d98c3a9e0895
Midnight12k,FedAvg,sgd,0.03,5,0.9657778024673462,0.9366965012205044,0.00880870210104113,0.9295060212426896,0.006775853798599969,0.9292859859471306,0.008304025669495339,0.9300647304415154,0.007369328548366438,,262.6,212.6,8138.8,6425609,40f5aedd2eb0;4f75923428fb;65492840f675;84c64f65920f;e34b25a61c88
Midnight12k,FedProx,adam,0.0003,5,0.9306666851043701,0.911147274206672,0.006645245561951313,0.9014171006164078,0.006456663672791894,0.906347904090115,0.0049960084278367995,0.8942493206786534,0.007702575479868615,,151.8,101.8,4703.4,6425609,1726797743a4;33381654ca83;814a9f7817c9;cd0d3e476f50;d788cd2a48fc
Midnight12k,SCAFFOLD,adam,0.0003,5,0.7662222504615783,0.7573637103336045,0.04970183021987587,0.6574861739535708,0.0937036240522593,0.6480868565561229,0.10439834414737674,0.7414058631057929,0.07157137514345746,,155.2,89.4,4803.4,6425609,1b5a374f844f;1cf04da36ea4;994ec4a1182e;bc067bbfc4d9;db776024545c
Phikon_v2,FedAvg,sgd,0.03,5,0.9840000033378601,0.9583401139137511,0.005619624621588947,0.9575220744469324,0.006106466144877881,0.9565012192593629,0.006142726768411446,0.9603081757287365,0.0035968898220505793,,160.8,110.8,4975.4,4328457,120079dd61f9;28cf8f1e85a8;d3a1328cef04;e95e590494bd;f9383f8eb244
Phikon_v2,FedProx,adam,0.0003,5,0.9831111311912537,0.9588283157038242,0.004935964487584414,0.958276383107458,0.004467188441198481,0.9587055819202724,0.0036997642639884348,0.9541148092705726,0.002892425939803226,,177.2,127.2,5490.0,4328457,06d2eaad4823;255e0a35a172;532837b0152d;dbbbbf48e817;ed7a190923ec
Phikon_v2,SCAFFOLD,adam,0.0003,5,0.6777777910232544,0.6535394629780309,0.05983211209055892,0.5065526945315697,0.06948999429990003,0.49215321720978533,0.06868221383279902,0.6109962682068987,0.05667799994660028,,143.4,83.8,4444.4,4328457,6559e4215086;6a3a033cc869;9d9d0c220ec9;d0880e0cf32c;daf6da784f28
ResNet50,FedAvg,sgd,0.03,5,0.9440000295639038,0.907567127746135,0.008961454777710896,0.902692580875789,0.009733862278118495,0.8970745044349618,0.012139705559890952,0.9002965115494824,0.0117081995476242,,284.2,234.2,8823.2,4328457,02a3f8f10bb8;747308540ef6;7475ba6aaa6f;b4b0a215ca2a;ddd3efe97eba
ResNet50,FedProx,adam,0.0003,5,0.9111111402511597,0.8530512611879576,0.020797179786759035,0.7969937023236282,0.03662036015049182,0.8108033156272864,0.031660670901100155,0.795118266226354,0.027664462629383078,,173.8,123.8,5397.4,4328457,225aea8f3743;57998291b79c;bd0894c7000f;e754d065564b;e80d84dda8ea
ResNet50,SCAFFOLD,adam,0.0003,5,0.6333333492279053,0.6187144019528071,0.03360071454877213,0.46667591158908506,0.038451376478079814,0.4316432366259866,0.024385099850451616,0.5569771252624516,0.0256443585852133,,145.2,70.0,4487.2,4328457,143e0947a77f;5a795ccd8c15;6a7750fe69ae;a0c1560e9e18;d8f436c43e58
UNI_v2,FedAvg,sgd,0.03,5,0.9800000309944152,0.9563873067534582,0.006499178371917308,0.9534252896032752,0.006008534109662356,0.949272543890076,0.00736820016362791,0.9574032114764203,0.007795219741903057,,222.6,172.6,6929.4,6425609,063feb8de71f;74599b20f820;98ab5db04399;d22cf489754c;f154808606d9
UNI_v2,FedProx,adam,0.0003,5,0.9791111350059509,0.9539462978030919,0.006473661279386844,0.9490581798404861,0.008232394672646429,0.9472778569880103,0.0067326697245511805,0.9480567205956614,0.005819636284031956,,222.6,172.6,6892.0,6425609,0ad61b5873eb;2aed20b3cd6e;7b08a11016e0;808aff9387f4;ec629930a0dd
UNI_v2,SCAFFOLD,adam,0.0003,5,0.7448888897895813,0.7401139137510171,0.026619560439396475,0.5970246486225792,0.028645416400410705,0.573707942927976,0.04277935168500844,0.687214388503541,0.04855855374677075,,214.4,154.6,6672.2,6425609,0caf6b41fa91;2b1d94e5c96a;69ad17a0e6fe;9e3858138834;ceb6e753fb3f
Virchow2,FedAvg,sgd,0.03,5,0.9773333549499512,0.960292921074044,0.00210613166892509,0.9571773493457375,0.0009957668441828047,0.9532567051094969,0.0024096139396079922,0.9539317118211199,0.002699766769363058,,233.4,183.4,7241.4,10619913,429bbb7520b1;9512f7f5e25c;99e5cfb50e6b;f2f55f6e6415;f3aaf0c22273
Virchow2,FedProx,adam,0.0003,5,0.976888906955719,0.9495524816924329,0.0066352751954028,0.9443162519054844,0.008189523808713378,0.9423658271653441,0.007257184166268032,0.9364953077959308,0.007409188067530085,,160.6,110.6,4972.0,10619913,0320ce3b53df;4b6a5df6a711;d60a8236aa7b;dbf769b3dc34;ea3fb3e7520d
Virchow2,SCAFFOLD,adam,0.0003,5,0.7995555758476257,0.7814483319772172,0.03720081267266904,0.6682122906704775,0.06632478398381936,0.6594868789663478,0.08110635638560625,0.74968484678311,0.050928513980748075,,180.0,130.0,5594.0,10619913,2499301486bf;479b9b848ddf;61be1af0612d;c0e045cb377a;e64088312122
