fm,arch,kind,n,val,acc,acc_sd,bacc,bacc_sd,f1,f1_sd,macro,macro_sd,train_macro,rounds,best_round,total_steps,n_params,keys
CTransPath,linear,fl,5,0.5853333592414856,0.551993490642799,0.03375797610907002,0.30942491006672135,0.027238997871853795,0.25786258176407006,0.03181904287737531,0.3900891074623156,0.03228145503964779,0.3900891074623156,134.8,80.0,4166.4,55305,5563a692faa5;82f799fdd8d9;b7230dce10a4;beb4c8853d43;ff18ac15b5ba
Conch_v15,linear,fl,5,0.6204444646835328,0.5946297803091944,0.017549630222350423,0.33990384254625294,0.020399333626518627,0.2814052617372263,0.028443509510542322,0.4382411893535747,0.01186795655107692,0.4382411893535747,128.8,76.0,3977.2,55305,15c9af5b8d16;28dd3f45b116;8b94f3bc93ba;d0d1409b2cce;e27b6f0fafc7
Midnight12k,linear,fl,5,0.6204444527626037,0.5995117982099268,0.0740403615048316,0.36597154639480295,0.10199831923805218,0.3219403534658613,0.1321685484565668,0.4617992434107392,0.09311400325121447,0.4617992434107392,172.0,119.2,5311.6,110601,17db9b004ed8;32e0661013a5;37b74efd839b;b60e414de845;f7b7b3c043a7
Phikon_v2,linear,fl,5,0.5528888940811157,0.5134255492270138,0.05572003585466105,0.2848458661914608,0.043579695979014114,0.2293521502553028,0.049284789936627715,0.35350422832420686,0.043241431296635595,0.35350422832420686,144.8,90.6,4486.8,73737,338f9515d443;89538393c88a;b008e1bfa119;ee7d263c8ae1;fc13b329a143
ResNet50,linear,fl,5,0.26177778244018557,0.2322213181448332,0.07087011272548159,0.11559059218299761,0.005800137392984728,0.05075725839426591,0.02099167356687177,0.16120055686498552,0.045044674472533026,0.16120055686498552,111.8,34.0,3454.4,73737,21f895971075;2bd50889cc2a;4e105c244be1;5051cdb6e18d;e2e16c22719e
UNI_v2,linear,fl,5,0.5697777986526489,0.556712774613507,0.031703894245755516,0.3097369104857778,0.028333750023894804,0.2574311348246354,0.028061371546725385,0.4011049763723274,0.03204493102475169,0.4011049763723274,145.6,88.0,4501.4,110601,1d4bb57fee1b;65ad32539ff6;b220a63fde48;d726e1b1a164;f373e92dd00a
Virchow2,linear,fl,5,0.8662222504615784,0.834174125305126,0.037417304633224686,0.7343221493403839,0.07088640789478072,0.7446046634382449,0.06290186508893804,0.7904920817463859,0.05636703552167215,0.7904920817463859,234.6,184.6,7297.4,184329,0f6011ec5a67;2bff92b0f1f9;4cbb7e7f0a68;4d730811f2c5;8b633f33d234
CTransPath,linear,central,5,0.9755555987358093,0.9461350691619203,0.0006807648710611181,0.9400881783862103,0.001341766364709437,0.9374585288250838,0.001462761395665233,0.9336698133135896,0.0011451845158480562,,,158.8,,55305,0611a323173c;27563809c2f2;4f406b2e0256;96252b6f6add;f29ff004bee4
Conch_v15,linear,central,5,0.9786666750907898,0.9505288852725794,0.00218330477868164,0.9389185709557666,0.005160710987759054,0.9415178002604438,0.0036890909775452825,0.9381138694024365,0.004691979795153542,,,140.0,,55305,4c9814709e03;6a78e5e12c36;6f16aae5d3d7;d261b72df5b9;df8e60e8a347
Midnight12k,linear,central,5,0.9875555753707885,0.9558991049633848,0.0014555365191210865,0.9439935763954976,0.0019895032905201332,0.94770773851982,0.0018767428906949339,0.9459400122913386,0.0019756503947084636,,,145.8,,110601,017c3546a57e;125dfb33e8ea;4112b5b91b0d;904f0c3218dc;d941b8f291df
Phikon_v2,linear,central,5,0.9928889155387879,0.9676159479251425,0.0020260210899900825,0.9616414349806929,0.002288541122766753,0.9637199392136193,0.0021837201737103873,0.9617618239035683,0.0041793682658340416,,,33.8,,73737,0335dd3d99af;396fd4b64003;eb1b5abb0464;f22532d6e8ec;f7dad702ec03
ResNet50,linear,central,5,0.9591111302375793,0.9230268510984541,0.0035745944078907697,0.9121364401827947,0.0029487428590956456,0.9103242164167329,0.003918889260787326,0.9120434790912899,0.003183315981282421,,,267.8,,73737,1f997d50d06d;6598679698f5;757080aaae5d;88b3aa276964;ec2b49a888f8
UNI_v2,linear,central,5,0.9871111273765564,0.9697314890154598,0.004084589226366566,0.9658257428804647,0.004572861373162263,0.9644232735273368,0.005095344129006618,0.9668956345634296,0.004029392082970401,,,88.8,,110601,0c30666c9d90;17ced473515e;7808d500dca1;a240f1362149;e832d0907a61
Virchow2,linear,central,5,0.9853333473205567,0.969080553295362,0.0011507026544939768,0.9653457261273617,0.001070632398357873,0.9636540077327187,0.001286529996238928,0.9616209465508533,0.0010091347098161816,,,143.4,,184329,16dd22af3d4a;598f65c44d3c;888cd2965c2d;bbbb074cb52c;fe43a1ca9d6b
CTransPath,mlp,fl,5,0.639555561542511,0.6066720911310008,0.03606218404043591,0.36981670590159965,0.04226509220519521,0.31394139196008575,0.03455587246750706,0.4558922901055663,0.056456595381615696,0.4558922901055663,108.2,46.0,3342.2,3279881,12daaeca7427;32a772496af8;50f762435343;7738a2a860f9;f50b74fada36
Conch_v15,mlp,fl,5,0.9075555682182312,0.8706265256305941,0.025012898533668667,0.8141473855863556,0.055211233293344764,0.8214675676994894,0.05677250391506909,0.8359091222167108,0.03402799624017099,0.8359091222167108,190.4,140.4,5907.4,3279881,48190d037628;d2f6dc6d9c3c;d4b7e81ed792;e19c6698855b;e9ec436f1537
Midnight12k,mlp,fl,5,0.856000030040741,0.8286411716842961,0.014888153635778941,0.7820053068851116,0.02929723289604378,0.7939558336980639,0.03120487150511158,0.8165688587629518,0.02197078755962269,0.8165688587629518,198.6,148.6,6169.8,6425609,98682d75851d;bf0bc8796eaf;e39eebe634b2;e6bfe1e480c3;e85ffbca4a02
Phikon_v2,mlp,fl,5,0.8795555830001831,0.8484947111472743,0.08263335091753136,0.759087894556058,0.1564583868899773,0.7678551738701326,0.15964491833041322,0.7816454469573834,0.13428811271335594,0.7816454469573834,274.4,224.4,8483.0,4328457,2c623ed62b3e;3b37663a7e81;662ac1205a75;dddf2cc47b23;f55bec47e7d6
ResNet50,mlp,fl,5,0.36622223258018494,0.33441822620016276,0.05521874227546492,0.15014582699523377,0.03886126179678534,0.08728420926112254,0.03218368935796962,0.23170041789457557,0.05265702328137723,0.23170041789457557,110.6,52.6,3406.8,4328457,067a3419309c;091928446a9e;18e6cd33ace3;4bfc9890faa7;6d80ac1e6e47
UNI_v2,mlp,fl,5,0.8568889141082764,0.8359641985353946,0.0652804477804268,0.7498440305559819,0.10354115289861722,0.7565240555014816,0.10556023182869922,0.788440931400433,0.08806597297692886,0.788440931400433,253.6,203.6,7812.4,6425609,11e125f45a47;2a7f83531c92;5d90f00fc564;62e4c3d52ab4;dfbb2265cba3
Virchow2,mlp,fl,5,0.9115555644035339,0.8854353132628153,0.013162851400320957,0.8722913124126374,0.012957950021732653,0.8663349310655537,0.016401025400183303,0.8729846539245569,0.014201624854084653,0.8729846539245569,207.2,157.2,6433.6,10619913,0eb036fbf6f4;40e1aa913b7b;8ff3d0bb92a5;9548ae04f543;db6dbe22658a
CTransPath,mlp,central,5,0.9711111307144165,0.9479251423921887,0.006249915173204739,0.9385884413184385,0.008214396453991748,0.9381681509104421,0.007287035580526903,0.9375033154949856,0.006952816225499408,,116.2,66.2,12782.0,3279881,25fa436cf578;45b255dd6dcb;9cf9efafc57e;ab96626ab33f;d026cfc876be
Conch_v15,mlp,central,5,0.9764444708824158,0.9414157851912124,0.003305141743139143,0.9339267110414451,0.004743936708419539,0.932668087249845,0.0049424690912777056,0.9353397866168711,0.0041602646122077865,,106.4,42.2,11704.0,3279881,2e25389159f0;4e8676fc2da1;73ccc5010342;b4fb5f2906bd;cfc1825e50cd
Midnight12k,mlp,central,5,0.9875555753707885,0.9526444263628967,0.0035185920765564687,0.9443106181652035,0.0049552891771050935,0.944446476754556,0.00514302167204933,0.9381536533193865,0.003453560434596782,,119.8,67.6,13178.0,6425609,0276f2f7cd76;737efa1260ec;8bbc1d0704f8;d52162416d09;f07d2a360162
Phikon_v2,mlp,central,5,0.9937777876853943,0.9681041497152156,0.003565321773833492,0.9636632219706615,0.005835227270373388,0.9643254374570741,0.004898887710723706,0.9621064908498879,0.0058365682450557165,,120.4,68.0,13244.0,4328457,27890006590b;3136f4971a63;4ea6b0d4815d;7109a6db6db6;eff7d7b0df0b
ResNet50,mlp,central,5,0.9533333659172059,0.9121236777868186,0.0036840460285343596,0.901836052069082,0.006906756324397162,0.8986900129427691,0.005379363557843762,0.9007529523997253,0.006844854374358527,,212.4,162.4,23364.0,4328457,0d13e3dd46f8;19caede37a6c;4f35cc7c7e05;ccefa5fb2cef;cd545cdbf1aa
UNI_v2,mlp,central,5,0.9875555753707885,0.9684296175752645,0.005254315473055496,0.9629545265154249,0.006644671642788344,0.9614288156506788,0.0055381102195817666,0.965179096032645,0.0034147799137804937,,116.6,56.6,12826.0,6425609,08afa817575b;487799338813;6544c0ee755e;9bc418b52c3e;faa098860594
Virchow2,mlp,central,5,0.9840000152587891,0.9661513425549227,0.0037990618486342387,0.9645425583311408,0.003066431048915001,0.9600922345945874,0.004507294029348184,0.9575350265045298,0.0037822104550303062,,121.6,69.8,13376.0,10619913,0fb12b5afbf1;42fb494d6d9a;6d468d134ac3;ddadcbd7b5b4;f31ae91eb176
