fm,algorithm,n,val,acc,acc_sd,bacc,bacc_sd,f1,f1_sd,macro,macro_sd,train_macro,rounds,best_round,total_steps,n_params,keys
CTransPath,FedAvg,5,0.639555561542511,0.6065093572009764,0.03647291791514773,0.3698207059466706,0.042547608400465814,0.31420644393488045,0.034946979829995145,0.45622778016068255,0.05743507580542906,,108.2,46.0,3342.2,3279881,12daaeca7427;32a772496af8;50f762435343;7738a2a860f9;f50b74fada36
CTransPath,FedBN,5,0.2670618971399402,0.3358828315703824,0.09125151858925663,0.21626069611124699,0.03456011259448443,0.1634505082411146,0.033537574055075146,0.23485674992553535,0.03845570751044854,,137.0,83.8,4153.8,3281417,13dca61c2e7b;a57e83341258;ca6bc4d0257f;e5a69ce83519;fa6456e49b0d
CTransPath,FedProx,5,0.6417778015136719,0.6164361269324654,0.034490380580605884,0.3759027212563367,0.04400459929725947,0.32087687201380766,0.03969708146240124,0.4652907834529172,0.05769404511493151,,113.8,51.6,3506.6,3279881,3477df5ada8e;86d9a1f49249;b34a5a20b297;b56114aff14e;b8b9ed836ded
CTransPath,SCAFFOLD,5,0.3742222338914871,0.3695687550854353,0.11499746047464132,0.21817560761248012,0.05754818655052943,0.14815099799974504,0.054066883408261275,0.2913042753435501,0.09446718606350604,,113.6,42.6,3514.4,3279881,0c2de4b117ea;1704e4e2c0b4;a39c4b54a6e8;c579fee87e49;dfeaaba2a152
Conch_v15,FedAvg,5,0.9075555682182312,0.8704637917005696,0.025154107355670023,0.814030426522028,0.055291105121106805,0.8213475347660685,0.056833579768637746,0.835765340764518,0.03411749580129759,,190.4,140.4,5907.4,3279881,48190d037628;d2f6dc6d9c3c;d4b7e81ed792;e19c6698855b;e9ec436f1537
Conch_v15,FedBN,5,0.27334004622181673,0.3498779495524817,0.06589468383311205,0.21368504396906185,0.02748039037331514,0.16335504128610626,0.029247503129923007,0.22951604449538157,0.0396365835934358,,142.8,85.4,4340.4,3281417,1557c7a7906a;8b100caf83b6;c7689d50a4f8;c9aab31cf9a3;fa7f8c47e676
Conch_v15,FedProx,5,0.9106666803359985,0.8818551668022783,0.02307438589609306,0.8360635999616758,0.05050425744850227,0.846710812124428,0.047385223174345646,0.8499072855128537,0.03180518738240414,,226.4,176.4,7008.2,3279881,37d13a3ef0d4;4165e5420dbd;436e0bd160a2;4a8376235f13;6aa46c83e5d6
Conch_v15,SCAFFOLD,5,0.658222234249115,0.6631407648494712,0.06511391057361288,0.45043762140229254,0.06266092982159738,0.38707847313294624,0.057004793797233756,0.5909935370191548,0.06588395954600024,,113.0,62.0,3500.8,3279881,199825691cd4;4ede3d457bf2;9d43e6a71f7e;d86ab20c44a8;e2ea4c497fc5
Midnight12k,FedAvg,5,0.856000030040741,0.8286411716842961,0.014888153635778941,0.7820053068851116,0.02929723289604378,0.7939558336980639,0.03120487150511158,0.8165688587629518,0.02197078755962269,,198.6,148.6,6169.8,6425609,98682d75851d;bf0bc8796eaf;e39eebe634b2;e6bfe1e480c3;e85ffbca4a02
Midnight12k,FedBN,5,0.2934221862393091,0.3965825874694874,0.12816084804074596,0.2269742351682449,0.057927390122824926,0.1798935099486166,0.04789727215529848,0.2647491934806741,0.04874209371938571,,172.4,121.6,5252.8,6427145,475a3ae67c32;537b66a83da0;6f61b239bcd5;75b34035cf85;e93082905d72
Midnight12k,FedProx,5,0.856000018119812,0.8323840520748575,0.019595760095675045,0.7888635414448947,0.040227001002165946,0.7984411155120462,0.04578385164045379,0.824747072090541,0.02235901507615264,,200.4,150.4,6223.8,6425609,03bf2eb1ffc0;32806e51dfc2;7ac7250be8fd;81a0727a2df7;e0d237945e42
Midnight12k,SCAFFOLD,5,0.586222231388092,0.586493083807974,0.034733307262670696,0.41934890252284535,0.031767842965085794,0.340314542583556,0.030321007669461848,0.5373350590375906,0.03436342696415911,,150.0,96.0,4639.4,6425609,398b2ae6a86e;579d0d8b2ae1;e2e111f122c0;e3e9de52db68;f0cd4cba3de6
Phikon_v2,FedAvg,5,0.8795555830001831,0.8484947111472743,0.08263335091753136,0.759087894556058,0.1564583868899773,0.7678288391423181,0.15967561484259435,0.7816454469573834,0.13428811271335594,,274.4,224.4,8483.0,4328457,2c623ed62b3e;3b37663a7e81;662ac1205a75;dddf2cc47b23;f55bec47e7d6
Phikon_v2,FedBN,5,0.29124489145747157,0.4125305126118796,0.037933938815101834,0.24210772612511536,0.03990045826571802,0.20045268780340514,0.041233944550613404,0.2509384172976967,0.020284644204825578,,162.4,112.4,4938.2,4329993,1c18bec810f7;27f59f291cdd;396f6d56493e;4fb8cd166f89;ac8964d6758d
Phikon_v2,FedProx,5,0.9155555844306946,0.8867371847030107,0.0832440124194403,0.8346774514791484,0.14761807639720465,0.8463945236237915,0.1468481629096299,0.8490030232196981,0.12495433198606914,,315.6,265.6,9751.8,4328457,3161a909ff1b;432d7850ca0d;53e2821f31c1;6fb26627e29b;c72b75ed9602
Phikon_v2,SCAFFOLD,5,0.49022223353385924,0.47892595606183885,0.03155842676659577,0.2730449920562485,0.03630630534879608,0.20779524398839802,0.04847538790690395,0.39112965472986433,0.04319106632796653,,154.2,97.2,4788.2,4328457,010c7099aed8;06f6497300e9;43a8b116149c;4d145b3c2108;7f6b7b073de0
ResNet50,FedAvg,5,0.36622223258018494,0.3358828315703824,0.05357691825096974,0.15167900483385727,0.03805971213791256,0.08870491263010018,0.03154403494736935,0.23258632944130478,0.049937091938936945,,110.6,52.6,3406.8,4328457,067a3419309c;091928446a9e;18e6cd33ace3;4bfc9890faa7;6d80ac1e6e47
ResNet50,FedBN,5,0.23590286643402542,0.3454841334418226,0.10383553353901387,0.21498649216045354,0.023784247375704816,0.1644577609666671,0.056932005950330024,0.2179611911146541,0.025005298647668643,,182.0,124.8,5556.2,4329993,1d0b9d045440;35fa909c0058;5d384710ffa0;642b9b28c0df;9ddb79bc90ed
ResNet50,FedProx,5,0.36088889837265015,0.3300244100895037,0.04940857787728776,0.15243106921578903,0.0384947119936641,0.08674063276926827,0.034663699145282424,0.2304781136248451,0.04671106638618609,,103.0,34.6,3183.8,4328457,878703b5524f;a6d0e02a35c4;b5a842dbbac0;dfd9b91dd737;e51433dfe1ab
ResNet50,SCAFFOLD,5,0.3044444501399994,0.2885272579332791,0.08585198097309513,0.14317555127381715,0.04414707829701645,0.07062609007481964,0.03914664512645317,0.21681721480963745,0.06608051759757018,,112.2,33.0,3468.8,4328457,0f86af7e3f8e;39a58cf8f83a;41be0d44dbe0;548bd193d7c2;6166d4c38245
UNI_v2,FedAvg,5,0.8568889141082764,0.8359641985353946,0.0652804477804268,0.7498440305559819,0.10354115289861722,0.7565240555014816,0.10556023182869922,0.788440931400433,0.08806597297692886,,253.6,203.6,7812.4,6425609,11e125f45a47;2a7f83531c92;5d90f00fc564;62e4c3d52ab4;dfbb2265cba3
UNI_v2,FedBN,5,0.2970963229483905,0.3959316517493897,0.09985056109060285,0.2419014762578983,0.03677469312072211,0.19403905698550533,0.05262325008764465,0.2660514388216212,0.06498317990603836,,180.8,128.4,5515.6,6427145,37beaef79259;65eefe123306;af42c2953a45;c96140503b89;d536ceca8974
UNI_v2,FedProx,5,0.8746666789054871,0.8470301057770545,0.04934958414029594,0.7611885855896715,0.0801714038852239,0.7593981192610955,0.0866862834414626,0.8086102736144547,0.06380189502531473,,284.4,234.4,8800.6,6425609,05649fcd3a0b;3640e6c45e9f;4ff0a8508e13;d9fd4a73bca1;ef42a9a1c1a4
UNI_v2,SCAFFOLD,5,0.6173333406448365,0.6096013018714401,0.037646622714439006,0.39266359246795945,0.04074821929446864,0.3208610589115989,0.04594887911336457,0.5041735988661643,0.050403384118143706,,118.4,64.6,3658.8,6425609,3d8d3cc0aee2;8e32388cb77d;8f17c79f9637;a2b6fcfe0b48;d3435ac5a309
Virchow2,FedAvg,5,0.9115555644035339,0.8854353132628153,0.013162851400320957,0.8722913124126374,0.012957950021732653,0.8663349310655537,0.016401025400183303,0.8729846539245569,0.014201624854084653,,207.2,157.2,6433.6,10619913,0eb036fbf6f4;40e1aa913b7b;8ff3d0bb92a5;9548ae04f543;db6dbe22658a
Virchow2,FedBN,5,0.2910153818549276,0.39576891781936535,0.06557137496374456,0.23783559276393876,0.0372797703286899,0.19267606001999882,0.03342456966918589,0.2606453093376956,0.03536694480115126,,164.6,104.8,5033.4,10621449,6116b1a17d64;657bf22c6260;7addfaf557a5;c7b87e0207ce;ea7a06666b0e
Virchow2,FedProx,5,0.928000009059906,0.9008950366151343,0.015802796922779788,0.8891426746471695,0.019832454095732772,0.8871651103755436,0.020646342224528557,0.8886584953179442,0.017859249553524515,,273.2,223.2,8486.0,10619913,0a193deaeab9;0f79337e2ef8;3b6fbe47a777;5c0f47490940;7608fdc20f0d
Virchow2,SCAFFOLD,5,0.6786666870117187,0.6637917005695687,0.05892339208153128,0.48323329916184254,0.0686499925747551,0.42226114922448205,0.0727141510319811,0.5914981646615848,0.06781937148532664,,118.0,57.0,3631.4,10619913,301817e160ed;5ebcabd649f0;6343b811ad8c;c4e1d86e5fc4;c8ccb1400c71
