fm,algorithm,lr,n,val,acc,acc_sd,bacc,bacc_sd,f1,f1_sd,macro,macro_sd,train_macro,rounds,best_round,total_steps,n_params,keys
CTransPath,FedAvg,0.1,5,0.8595555782318115,0.8424735557363711,0.04793612360222527,0.7994174287784632,0.08642454152317265,0.7806846948140617,0.09006518450058713,0.8224974748455564,0.06009030374300137,,228.2,178.0,7055.8,3279881,515678dff49e;a6b60c9a7fb5;dfeb9da05975;f810e31364fd;ff7e5dab2ad7
CTransPath,FedBN,0.1,5,0.9998762376237623,0.9860048820179006,0.010378674546081948,0.9890811116332113,0.00853619854544739,0.9848124244309293,0.011083427503203723,0.9873899760766459,0.008935031622706889,,315.4,265.4,9611.0,3281417,116d802e6eaf;3ab077edcf20;9598d1445ef4;a954ba523540;d4c9151ba51f
CTransPath,FedProx,0.1,5,0.8648889064788818,0.8385679414157853,0.040161830575115805,0.8069734839073697,0.05896934178125094,0.7882458697499206,0.058526659417304935,0.8125522048848148,0.0484110429967268,,218.4,165.6,6796.4,3279881,7e8ffe3ea357;8363cef4bc39;a37621e7ee0b;ca483c3bd809;f80c0b273494
CTransPath,SCAFFOLD,0.03,5,0.8826666831970215,0.8652563059397884,0.01433306283890776,0.8260914625396261,0.02414566432101775,0.8249779833291961,0.02392660601529814,0.8503800008826164,0.02115153369101158,,406.0,356.0,12552.6,3279881,092159602086;0aa317f8e2f1;26e142f30d00;29dd769e6c47;b0f7fa025b2e
Conch_v15,FedAvg,0.03,5,0.953777813911438,0.9183075671277461,0.003927589385239076,0.9089713612749831,0.008484194768505014,0.9066426328865141,0.005639879748974753,0.9231851414699858,0.006870871982218934,,279.2,229.2,8662.0,3279881,0c2c8c4c6dd2;20e72e852dab;47e0b95494d2;6692ec28e1ef;d719dd7ec191
Conch_v15,FedBN,0.1,5,1.0,0.9866558177379984,0.00722289374163456,0.9862575884922059,0.008381939520540584,0.9848471817487761,0.009089832640354524,0.9826872280693062,0.010286249967727312,,337.8,287.8,10287.4,3281417,0825d594b18d;8b84fd012b7d;9845c5954c05;cdce07ff05ec;dac93a20afbf
Conch_v15,FedProx,0.03,5,0.9520000219345093,0.9145646867371846,0.009558454128942828,0.9065420914656542,0.010513901329959168,0.901789448337324,0.014014105522233804,0.9180636364846559,0.014643070454706704,,284.4,234.4,8827.2,3279881,81d71d57000c;9f7539557b7d;a92f4d472a0d;c56f83764c2e;e3f121dcd46d
Conch_v15,SCAFFOLD,0.01,5,0.9293333530426026,0.902359641985354,0.014395285608587556,0.8829293367652852,0.02114324508367023,0.8849675062746899,0.019108752893791877,0.9040980306427789,0.01924594717905543,,309.8,259.8,9601.6,3279881,3ec03b3bc34b;45047e7cb0be;8a2481a34d4b;c469db876fa9;e08e33ae2ee9
Midnight12k,FedAvg,0.03,5,0.9040000200271606,0.8846216436126932,0.006645245561951301,0.8875402035754718,0.006337798060288579,0.882964822544302,0.007922693171884569,0.8975778690705072,0.008099901676041658,,349.2,299.2,10823.4,6425609,3208a61d054e;a778509b44f2;bd9b8001bcb1;f1350014be06;f512c096be38
Midnight12k,FedBN,0.1,5,0.8836925719721294,0.8639544344995931,0.16990641975865692,0.8656154280410169,0.17369022980232587,0.8491777102039464,0.19011847958242112,0.8657065066165449,0.1491433602278884,,248.0,198.0,7548.0,6427145,29f003b32e35;40ece1a74774;4f57b32c0daa;b6acb32ab45d;ea972c63b498
Midnight12k,FedProx,0.03,5,0.9040000200271606,0.884947111472742,0.006212728777484472,0.887923093923489,0.005972779165671516,0.8837131470643582,0.006885599657208533,0.8977214930372224,0.007828705669698469,,351.4,301.4,10888.0,6425609,2c228277e725;56207ce42e15;c8c24eb46b06;dce52ed0eb03;f10ad82ce39b
Midnight12k,SCAFFOLD,0.01,5,0.8773333430290222,0.862652563059398,0.00439682866919653,0.8465464394019453,0.006416705381992694,0.8446726402159541,0.007984167578236894,0.8770530961996779,0.003763404179003178,,430.0,380.0,13277.0,6425609,04b3d57df3e3;34ec6bb5b2c4;40a0c40f9f53;8c5b676f1a83;9c29ac0be5d7
Phikon_v2,FedAvg,0.03,5,0.9737778067588806,0.9516680227827502,0.0053231659019678185,0.952452854612129,0.005153938226737864,0.9502021317162146,0.005411365084681085,0.9489548247414291,0.009373064455104605,,343.2,293.2,10622.4,4328457,145713ae933a;147a9a78c8f7;49aba1d81e76;a38007210553;be3156d883bd
Phikon_v2,FedBN,0.1,5,0.9892602611909542,0.9767290480065094,0.020645414339200082,0.9751867132351274,0.02365021606390308,0.9733329332562265,0.0243857292780017,0.960766166967711,0.03873101241376144,,346.0,296.0,10522.4,4329993,10a78f22f87c;4058dc0c27fc;779423dc387d;87cbfa1d08c2;db7c56a77bf7
Phikon_v2,FedProx,0.03,5,0.9742222428321838,0.9515052888527258,0.005506566091355129,0.9522304863394492,0.00530454403778793,0.9501240282787563,0.005543528807322433,0.9487338230017357,0.009687309916619227,,350.2,300.2,10839.0,4328457,2140d6c98ef8;6f95a41e7887;b17c204327dd;b477540f480b;ca709f961305
Phikon_v2,SCAFFOLD,0.01,5,0.951555585861206,0.9345809601301871,0.003574594407890743,0.9342750056229525,0.004777572844556325,0.9332230284668178,0.0041340802340268734,0.9419860931153767,0.0032956801686637375,,521.0,471.0,16100.2,4328457,061a4d47a20c;2555bcff29e0;26f79a5d6c09;27b73b635292;a7c672bf5770
ResNet50,FedAvg,0.1,5,0.6568889141082763,0.6358014646053702,0.04772503711755667,0.4839657900606434,0.08764711467489004,0.4486577668753743,0.10493279661121488,0.5648882062120619,0.07056735323030464,,176.2,126.2,5461.8,4328457,00ef90167c49;093e7fc1665e;16659f36a0c2;1c8ee9020d26;d6cb060ab64c
ResNet50,FedBN,0.1,5,0.9998000761614623,0.990073230268511,0.010185506150226911,0.9912733143305876,0.007497733551502626,0.9905717015130666,0.00940560117647484,0.9951036557270259,0.005418800434542019,,276.2,226.2,8424.4,4329993,4c9ffeeb3dcc;702555e76037;83ca538507fc;aa09823e47af;e91af8c21789
ResNet50,FedProx,0.1,5,0.6293333649635315,0.6068348250610252,0.04204161084276563,0.4378957093468774,0.0527119052895823,0.394260702406514,0.07660795080176472,0.5282096343974294,0.04483545896773573,,117.8,67.8,3646.4,4328457,4b21a42c4f5b;5bd62a84c4dd;84ed4e653e1b;ee030ffa3b1f;f00d1f0eb3a8
ResNet50,SCAFFOLD,0.03,5,0.6066666841506958,0.5895850284784377,0.18278486984692868,0.4120375634549057,0.20623244559497494,0.37944194258758074,0.2359095052633506,0.525493841182894,0.22021540669910522,,618.6,554.0,19130.6,4328457,04b1a85938b9;6c125c2bf934;7da5b2935509;aaae240a0459;f6bc32719593
UNI_v2,FedAvg,0.03,5,0.9506666779518127,0.9337672904800651,0.018930719942343667,0.9322447834365472,0.02046563154221722,0.924554649302547,0.0216655450341921,0.934267979934203,0.018619875842496126,,350.0,300.0,10831.8,6425609,3635bafca89f;65f26d812bf2;a3a4f5ba13cc;c6c46da1a506;fe2bfd04e808
UNI_v2,FedBN,0.1,5,0.9992955064737243,0.9934906427990235,0.0057246734253337496,0.9948427708276355,0.003994172060140532,0.9921272838844211,0.006631306588497741,0.9896959582473601,0.008041524805713633,,375.8,325.8,11433.6,6427145,0b992e6f4e08;5225821a10b8;646365e57e4f;a503da8deb15;b4a1add591cb
UNI_v2,FedProx,0.03,5,0.9391111135482788,0.9225386493083809,0.02363426722606904,0.9168469292395522,0.03574983143795167,0.9060352348791667,0.03657582103562144,0.9254639242814354,0.026868789384572152,,285.2,235.2,8825.6,6425609,0c541d3e6767;2fe2f5b078bc;5f794406c0f1;68be14540dea;9feb11fbb2ff
UNI_v2,SCAFFOLD,0.01,5,0.9155555725097656,0.9046379170056957,0.012960099945243258,0.8939437469467462,0.017861978629555318,0.8932466531976118,0.01742389314064794,0.9094806202159867,0.012367039535851828,,361.0,311.0,11195.0,6425609,4db4cc373d4c;8ec54c589cd1;c57ab2121f22;d060e2f2bdd8;dcb4bce65812
Virchow2,FedAvg,0.01,5,0.9320000290870667,0.9074043938161107,0.03639478039319856,0.9005421629826955,0.054644582688073616,0.891947787355017,0.05519373995785023,0.910330400561907,0.03007800336281321,,277.0,226.0,8565.8,10619913,3deb92923938;4a5dd57c803f;4c1873b60972;532e142c67db;952a520473a1
Virchow2,FedBN,0.1,5,0.9993399339933994,0.9899104963384865,0.006344536595481817,0.9912876946726591,0.004577325835858476,0.986424301222397,0.008891039266647206,0.9839640784967887,0.008135991783251778,,351.4,301.4,10693.4,10621449,082d9c96915a;2f77e89481b5;383af6f1ec01;8a8009cee137;a88e448b5094
Virchow2,FedProx,0.01,5,0.9222222566604614,0.8989422294548414,0.02607173289459648,0.8914973704058508,0.03781967315049676,0.8830422508880718,0.035781138940356255,0.8940342911359448,0.024952907266334045,,203.0,153.0,6299.8,10619913,89d361d100d8;a60be04bcba7;d3c329ee2459;f59f4c702f8f;f6572ea54693
Virchow2,SCAFFOLD,0.003,5,0.9231111288070679,0.9026851098454027,0.005625512129355126,0.8979089033500521,0.009621747408624351,0.8897169618487274,0.008882799408125733,0.9129425408717097,0.0046099079439565925,,450.4,400.4,13903.8,10619913,01c7c0cca63a;c53b5d709657;cfd5d18f81c0;e80cbcba548f;f46f230d9a28
