fm,algorithm,partition,n,val,acc,acc_sd,bacc,bacc_sd,f1,f1_sd,macro,macro_sd,train_macro,rounds,best_round,total_steps,n_params,keys,n_clients,classes_per_client,majority_fraction
CTransPath,FedAvg,iid,5,0.9431111335754394,0.9101708706265257,0.006524595670213009,0.8959338800408544,0.008378492820265515,0.8914501428024846,0.009472402807444383,0.8832955344519515,0.011711184399300705,0.8832955344519515,274.6,224.6,8588.2,3279881,06c8cf01e9ce;3044e1f72998;a0faacffe68d;be74505c6146;e464c4fc6ff5,107,6.5607476635514015,0.38290676818747
CTransPath,FedAvg,institution,5,0.909333348274231,0.872579332790887,0.015815360430996666,0.7796316032158762,0.05761552134973013,0.7782184248473981,0.07104713935655205,0.8218553440953246,0.035086424635797635,0.8218553440953246,252.0,202.0,11936.8,3279881,0b0c49dbfe68;3ada918942b9;7d0fa4f87bcf;d7cd719a6754;e4f8dc9e4d0e,58,1.8275862068965518,0.8642132168727162
CTransPath,FedAvg,labelskew_0.1,5,0.904888904094696,0.8654190398698128,0.025560108176139337,0.8060078930910238,0.03770190879272211,0.80486450174156,0.04252765426011805,0.8134179467321655,0.033207833022920005,0.8134179467321655,253.2,203.2,7972.2,3279881,1744e3fec39f;576fb284d3d2;8944f815045b;8e559053c777;aa750ff3945c,107,2.953271028037383,0.6854836993221605
CTransPath,FedAvg,labelskew_1.0,5,0.9480000138282776,0.9126118795768917,0.007359101093308408,0.8952985809111358,0.011131896795018883,0.8926193135571312,0.01023990069617299,0.8849832159577691,0.015331930505967371,0.8849832159577691,320.2,270.2,10066.8,3279881,0ed538c68c4c;2637e5013285;3458a0537b94;bd7188d7c3ce;c4475ca465d1,107,5.457943925233645,0.43625714108044655
CTransPath,FedAvg,project_tss,5,0.6048888921737671,0.5786818551668023,0.005850505455572872,0.3286324438963682,0.00715332986329103,0.264586430873265,0.02965529724964747,0.4202266386088521,0.011714024068502544,0.4202266386088521,171.0,121.0,5443.0,3279881,03e978baf367;2ad7d8e266d8;2e8a84ec20e6;42d87d272e02;d48704620ec0,107,1.0,1.0
CTransPath,FedProx,iid,5,0.942222249507904,0.9090317331163547,0.006234005308178307,0.89586783193608,0.01094804512681297,0.8895331682395213,0.009481926589379602,0.8800622726750762,0.012861815295360063,0.8800622726750762,253.2,203.2,7921.4,3279881,45f2da905a54;59501b751b45;5a058ad0b128;640623db6320;67140a714164,107,6.5607476635514015,0.38290676818747
CTransPath,FedProx,institution,5,0.9160000324249268,0.8828315703824247,0.008857421097264923,0.8086716678538123,0.024725803429495787,0.8184156080686702,0.021586448339581978,0.8385992608567273,0.01888663939092203,0.8385992608567273,255.8,205.8,12118.6,3279881,5751693c3d9a;756779714101;7810c45d112c;784a7349f706;c01c89b6105b,58,1.8275862068965518,0.8642132168727162
CTransPath,FedProx,labelskew_0.1,5,0.9071111440658569,0.875834011391375,0.02699004903612766,0.8315737792902042,0.04026702622278217,0.8336524733569233,0.044168616590275225,0.8299765730072526,0.034417250997042355,0.8299765730072526,251.6,201.6,7919.2,3279881,244087188ae4;35488828d89c;91a4740e1d25;a28c76c5e87c;c6bf0e616654,107,2.953271028037383,0.6854836993221605
CTransPath,FedProx,labelskew_1.0,5,0.9502222418785096,0.9163547599674532,0.005678225003211662,0.9028458064392553,0.011378347646448992,0.8973537539172913,0.008284483994351756,0.8937137346640297,0.009784676298021664,0.8937137346640297,325.8,275.8,10247.6,3279881,0aadec5c2b74;7233820797ab;73f2434bee3f;80864ceb8b0f;f2e31dde97a2,107,5.457943925233645,0.43625714108044655
CTransPath,FedProx,project_tss,5,0.6120000123977661,0.5796582587469488,0.014470972328812509,0.333565612651995,0.011155396008865026,0.27913264020400075,0.02431392478427921,0.41614275844011833,0.013018096223966151,0.41614275844011833,163.0,111.0,5188.4,3279881,46e616e01e3d;4fa42e82f859;6e71349d8a07;9115d591ef91;98db26b74a3d,107,1.0,1.0
Conch_v15,FedAvg,iid,5,0.9648889064788818,0.9254678600488202,0.004366609557363288,0.9176995622318629,0.010085086656364255,0.9126938780463872,0.006536882548859941,0.9204117574446663,0.005163395492069959,0.9204117574446663,224.4,174.4,7019.0,3279881,1faad06ac151;6087d703e14c;89851ba39481;c176f386f498;c47219a3289c,107,6.5607476635514015,0.38290676818747
Conch_v15,FedAvg,institution,5,0.9440000295639038,0.9100081366965013,0.005884356300004684,0.8751844537289981,0.005376870631379408,0.8805132638463041,0.008959254867264408,0.9038522899886491,0.005854142723172816,0.9038522899886491,157.2,107.2,7470.2,3279881,5cb28c557ee2;7baf24265c4c;ca8f1ac99a01;cbb60a95bf93;f3eb6f30e69e,58,1.8275862068965518,0.8642132168727162
Conch_v15,FedAvg,labelskew_0.1,5,0.9511111378669739,0.9121236777868186,0.009644645721016878,0.8990737636814737,0.007528789472142661,0.8967129277287625,0.008389520983202108,0.8960435811461306,0.011763630400976229,0.8960435811461306,260.0,210.0,8195.8,3279881,3118a64c0608;446d439cf9d4;ad8332c46a90;d29d9aa44dab;fbbe32306e9e,107,2.953271028037383,0.6854836993221605
Conch_v15,FedAvg,labelskew_1.0,5,0.9604444622993469,0.9189585028478439,0.006132284355221076,0.9076337088162612,0.007099686037234149,0.9054195739239171,0.00850170191222079,0.9117712866940352,0.009680126692230456,0.9117712866940352,195.4,145.4,6176.0,3279881,36e7b4e7b2ce;7c235dd7e2ea;c3bf774441e7;c543450354fa;f3fb1d57deff,107,5.457943925233645,0.43625714108044655
Conch_v15,FedAvg,project_tss,5,0.6404444694519043,0.6030919446704638,0.014191481061430724,0.36311946865071654,0.008283744587252838,0.3026217034474859,0.007736350573270799,0.4457349557078847,0.015261852128296663,0.4457349557078847,157.6,107.6,5024.4,3279881,025b38ee1b41;0d4a44a725ba;460b12189c7e;adabf667bc3b;f96ed8a54bd2,107,1.0,1.0
Conch_v15,FedProx,iid,5,0.9644444584846497,0.9280716029292109,0.00362060137693849,0.9204044235543417,0.007901039209668928,0.9177850040044058,0.005310614292769039,0.9211981944080174,0.007252308579217802,0.9211981944080174,217.6,167.6,6814.4,3279881,12f1f56b91b9;1c37ffe7c729;8ff9c766fa89;a366845c0e72;e1b213e64258,107,6.5607476635514015,0.38290676818747
Conch_v15,FedProx,institution,5,0.9493333697319031,0.914727420667209,0.004043864488133166,0.881759152187955,0.004363810169004706,0.88348872170061,0.00499976017741638,0.9114332834259024,0.0023469317056192653,0.9114332834259024,175.6,125.6,8346.0,3279881,1a89c49d42a5;29d70141e372;2cf6cafc6c7b;b101c0b88db6;c780a8580568,58,1.8275862068965518,0.8642132168727162
Conch_v15,FedProx,labelskew_0.1,5,0.9595555663108826,0.9191212367778683,0.010253529049323584,0.9054703063071763,0.01099952669413879,0.9048230187269363,0.0123203199129944,0.9035995966863666,0.013238706722240874,0.9035995966863666,308.0,258.0,9714.4,3279881,00e9eee2e36f;4befc213a767;9ecee44500a8;e6b3d98ad535;f013d6b5bcde,107,2.953271028037383,0.6854836993221605
Conch_v15,FedProx,labelskew_1.0,5,0.9626666903495789,0.924979658258747,0.0073546014896511795,0.914761878246557,0.008685845915851163,0.9123993300286426,0.009493968970807835,0.9203301223621347,0.010372313417249444,0.9203301223621347,212.2,162.2,6693.0,3279881,07b50b2e619c;29d741a112f4;4d7a31542fb6;7cbe246e0179;9d41d453c6f6,107,5.457943925233645,0.43625714108044655
Conch_v15,FedProx,project_tss,5,0.6671111226081848,0.6288039056143205,0.02129110888817236,0.4019004169620145,0.03446570983387245,0.3330812203219045,0.026655014288316688,0.4908655316790421,0.04597547287975965,0.4908655316790421,191.2,141.2,6080.2,3279881,25cf50df6b85;4f2e30bb17c6;5a3f25b57bc7;cd5bdbe331c2;f45a83908a4a,107,1.0,1.0
Midnight12k,FedAvg,iid,5,0.9337777972221375,0.9171684296175752,0.007959835379264868,0.9099495874088019,0.00986798238125926,0.9087334761052805,0.0075696374741621745,0.9065881657498729,0.00821755738562122,0.9065881657498729,224.0,174.0,7008.4,6425609,0362e185965f;633b61d0f19a;67fb5a82b3a8;e325a8f3ddca;e86d14f4114d,107,6.5607476635514015,0.38290676818747
Midnight12k,FedAvg,institution,5,0.9355555653572083,0.9204231082180636,0.002661582950983909,0.9032737257665577,0.004003436967044748,0.9057925481640277,0.004160536777558243,0.9049501145267558,0.0025725586838680568,0.9049501145267558,299.2,249.2,14194.6,6425609,26c0855324ea;62e0cecb2c22;7d1dc8077279;a858aea1f88d;d7b3939ca354,58,1.8275862068965518,0.8642132168727162
Midnight12k,FedAvg,labelskew_0.1,5,0.9137778043746948,0.8917819365337672,0.010404159359271322,0.8758750308281366,0.006477248616368893,0.879591703803545,0.008180381609662331,0.8857109051140577,0.009635675715834034,0.8857109051140577,233.6,183.6,7362.8,6425609,5235a15748ca;55b385512900;5acaf9e3b9f9;cc8c7728f046;ec3ca0664aa1,107,2.953271028037383,0.6854836993221605
Midnight12k,FedAvg,labelskew_1.0,5,0.9408889055252075,0.9244914564686738,0.005590094072357261,0.9164941956487664,0.008927405158847757,0.9166884934088986,0.004985200903129673,0.9115036961155534,0.004102234277732117,0.9115036961155534,255.2,205.2,8033.0,6425609,66f99ab1c78a;a1709a85e30c;b2b5e3543ea4;b6474bf64218;d18e5958920e,107,5.457943925233645,0.43625714108044655
Midnight12k,FedAvg,project_tss,5,0.5897777915000916,0.5677786818551668,0.008827471996820513,0.31847735430886265,0.008394100186950103,0.24325049967085008,0.017422930059973453,0.4173868198691123,0.008776692735944927,0.4173868198691123,198.0,148.0,6292.2,6425609,352b5a27e935;4975f6234746;56055c2d2e5c;e380d0a95825;f368db096af9,107,1.0,1.0
Midnight12k,FedProx,iid,5,0.9417777895927429,0.9230268510984541,0.005770747998859881,0.9148646206256632,0.005946309689008056,0.9137396544907735,0.006534864319211624,0.9096183335758605,0.0038543681503203455,0.9096183335758605,305.2,255.2,9585.0,6425609,425a879e4aea;7a58e5c0c4cf;7df7427f5856;7e1ac1a51f3c;8a247258af40,107,6.5607476635514015,0.38290676818747
Midnight12k,FedProx,institution,5,0.9280000329017639,0.917005695687551,0.007412883302802519,0.9016242493696579,0.012083386362080778,0.9025035011000432,0.011095335934542528,0.9034588640557544,0.009221658789675541,0.9034588640557544,236.4,186.4,11266.6,6425609,25f595258f7b;7a384d87aceb;950fa286c513;9b9af5866acf;e4c38b1b96f0,58,1.8275862068965518,0.8642132168727162
Midnight12k,FedProx,labelskew_0.1,5,0.9133333563804626,0.8927583401139139,0.007125999689442275,0.878181511516537,0.008249576151582609,0.8811186274526965,0.008442335787901498,0.8865887995369203,0.005492766366687045,0.8865887995369203,217.2,167.2,6862.4,6425609,100630320ab6;2bdf47a7bfcd;77b7a69f74c7;dad0c8e1bea0;e0e2133efb9b,107,2.953271028037383,0.6854836993221605
Midnight12k,FedProx,labelskew_1.0,5,0.9422222375869751,0.9196094385679414,0.0032240216039314856,0.9107024436755508,0.007187409498548282,0.9108302049995812,0.003949890396960178,0.909731968524228,0.0052236902293630386,0.909731968524228,252.8,202.8,7962.4,6425609,179c59938cc1;2a7868b36eaf;640594a43839;b27602a60eed;db3668e3f24c,107,5.457943925233645,0.43625714108044655
Midnight12k,FedProx,project_tss,5,0.6382222414016724,0.6193653376729048,0.06993158114283075,0.3813498400670078,0.08906129330075117,0.32095559424434417,0.11006138310489369,0.48757430367486043,0.09422221276946689,0.48757430367486043,245.2,195.2,7780.0,6425609,032df24d895f;3d6451b1e81f;a604eecb367e;b5dfadccdf44;eb0ede891ed1,107,1.0,1.0
Phikon_v2,FedAvg,iid,5,0.9844444513320922,0.9583401139137511,0.0034232195228580415,0.9546669495189193,0.0031043246428719092,0.956858649157067,0.0033021357482409296,0.950966876379649,0.006213181656910584,0.950966876379649,170.6,120.6,5370.4,4328457,5a07b7d6217d;a7a09bacbfab;b7539fadeafd;be2623f46796;d2c4aee323cf,107,6.5607476635514015,0.38290676818747
Phikon_v2,FedAvg,institution,5,0.9631111264228821,0.9388120423108217,0.008676175923558247,0.9066865605596013,0.02266524878588421,0.9170404197066142,0.017347684726808515,0.9272509096418753,0.011809917818766898,0.9272509096418753,179.8,129.8,8545.6,4328457,4633828f4d3c;604a058ee478;635b5d46c1ed;93277080f175;9d24c23aca12,58,1.8275862068965518,0.8642132168727162
Phikon_v2,FedAvg,labelskew_0.1,5,0.974666702747345,0.9549227013832384,0.004834320838897635,0.9532441969180336,0.00631940268900635,0.9524371718566605,0.004649059137281369,0.9453842635384693,0.006674785209492432,0.9453842635384693,200.4,150.4,6334.6,4328457,190c6ef9ff62;32eec0ffdfb4;c56ce17abb2b;dff2340d4164;e3fb54cf862c,107,2.953271028037383,0.6854836993221605
Phikon_v2,FedAvg,labelskew_1.0,5,0.9853333473205567,0.964686737184703,0.004441771867845785,0.9620871532966518,0.004652532146184859,0.9627732418432453,0.005128643798062039,0.9613074721316629,0.006361008076920538,0.9613074721316629,174.4,124.4,5509.2,4328457,6f810f39ea72;a82d2b9999d0;d4112cacd8c0;de6f57c7bb28;e0e7aaa2b999,107,5.457943925233645,0.43625714108044655
Phikon_v2,FedAvg,project_tss,5,0.6368889093399048,0.6082994304312449,0.02902303868466722,0.35879527544832457,0.02825232688363776,0.30541153104914925,0.026019342468222604,0.4351541069206653,0.028182729410597487,0.4351541069206653,185.8,135.8,5896.0,4328457,22341054466d;391bc4a2ee70;449426f4996c;6223f3f6c66b;7b6900b662de,107,1.0,1.0
Phikon_v2,FedProx,iid,5,0.9853333353996276,0.9581773799837267,0.002198414334598244,0.9545429650233193,0.0026087942518803592,0.956588457802799,0.0019900586956411604,0.9496207605709163,0.006100114874790264,0.9496207605709163,185.2,135.2,5811.8,4328457,0136efe3b440;35121c36637b;54e44daada83;6f20bacfdc5f;cfbcc14a2635,107,6.5607476635514015,0.38290676818747
Phikon_v2,FedProx,institution,5,0.9640000343322754,0.939300244100895,0.009975337709537442,0.9055255272604598,0.020406270607916846,0.9169436749463206,0.016996204486955015,0.9276618276150987,0.015692632811312102,0.9276618276150987,164.0,114.0,7784.0,4328457,11bd65dc34b5;64f0bffa7dd4;7d60e11d6fc0;9ab63195820b;c0abe1a07294,58,1.8275862068965518,0.8642132168727162
Phikon_v2,FedProx,labelskew_0.1,5,0.9777778029441834,0.9607811228641172,0.0022578416477643274,0.9568459457621339,0.004301013098138882,0.9579184376982799,0.003290762756151761,0.9520378320767728,0.0068134193915124356,0.9520378320767728,233.2,183.2,7369.8,4328457,1918d295e8c5;19ee9fcacc52;716312bd2978;ece2c00b7c18;ef396340617a,107,2.953271028037383,0.6854836993221605
Phikon_v2,FedProx,labelskew_1.0,5,0.9840000033378601,0.964686737184703,0.003969507214857759,0.9615581330148192,0.003713740323831209,0.9622855273309743,0.004570244419467437,0.9615557939233952,0.005128613209831535,0.9615557939233952,176.2,126.2,5566.4,4328457,1e4f457145f2;6872c6d6fea2;8f92e24d2909;c2f0a494886a;d3c2a4d02b0f,107,5.457943925233645,0.43625714108044655
Phikon_v2,FedProx,project_tss,5,0.6635555744171142,0.6320585842148088,0.05239299687467981,0.38548692968823045,0.060052495928524095,0.34282032819430686,0.07410144532310332,0.4612666543235881,0.052432134039776944,0.4612666543235881,195.6,145.6,6191.8,4328457,1221f3ba70df;608bf2863f34;6ba67f7a2e05;a8a2a9c15404;c2a2b3320dae,107,1.0,1.0
ResNet50,FedAvg,iid,5,0.8777778029441834,0.8255492270138325,0.011165374055599314,0.7713492261749757,0.023360679861312753,0.7657012219720273,0.0193824155280699,0.791528061290797,0.015591712677590313,0.791528061290797,786.4,736.4,24630.8,4328457,5f8ad9a41f78;62a55bb1f9ba;8fe46ec11936;97037b99a478;e28d308921ac,107,6.5607476635514015,0.38290676818747
ResNet50,FedAvg,institution,5,0.6044444561004638,0.553946297803092,0.019024911888177266,0.4058179394192273,0.030109010219480377,0.3260596756965498,0.013562684885611347,0.4753007926527596,0.013826003452483405,0.4753007926527596,252.2,202.2,11948.2,4328457,0a1219543813;251692373fd7;270a06d9388c;5d0cd5d1d3c8;cda2769c24e8,58,1.8275862068965518,0.8642132168727162
ResNet50,FedAvg,labelskew_0.1,5,0.492000013589859,0.47762408462164363,0.057110683874676736,0.26558700277288655,0.06651727724210953,0.1904890208891991,0.07878947268063334,0.36858840771718476,0.062280725626910116,0.36858840771718476,143.6,79.6,4548.4,4328457,2cacfff49702;97ea44fb8527;9c70aa7832d2;ac2ffbf936a9;e8803b5edecd,107,2.953271028037383,0.6854836993221605
ResNet50,FedAvg,labelskew_1.0,5,0.7937777996063232,0.7573637103336045,0.05247822318403946,0.6526149026733773,0.09298905054907738,0.6455180467508936,0.0982244808628338,0.6967353389295088,0.06730192893979438,0.6967353389295088,455.6,405.6,14364.4,4328457,04da678bc099;117ae433b889;548b9e18e585;b96ce0c438fc;bd6b2dce02af,107,5.457943925233645,0.43625714108044655
ResNet50,FedAvg,project_tss,5,0.3199999928474426,0.28152969894222946,0.0,0.11111111111111112,0.0,0.04881834215167549,0.0,0.18691588785046728,0.0,0.18691588785046728,100.0,5.2,3184.8,4328457,36e1225f5ae2;813cf86936e0;9a7f9c4ecf2c;e77e6680158c;f909a19ad512,107,1.0,1.0
ResNet50,FedProx,iid,5,0.8831111311912536,0.833360455655004,0.004508346680942246,0.7852570400477517,0.016576981042980637,0.7790060067662429,0.012036112223744141,0.7988150728252634,0.011734930672638512,0.7988150728252634,759.4,709.4,23780.6,4328457,0c8f4d31e4ac;120117f35660;20bd481ec372;2abdf6eeb376;3992436b9a1d,107,6.5607476635514015,0.38290676818747
ResNet50,FedProx,institution,5,0.6297778010368347,0.5777054515866558,0.03355339235234383,0.442129439874679,0.03563846786919784,0.3619744491515681,0.03999404822085727,0.5027743156717552,0.03670760781142946,0.5027743156717552,261.0,211.0,12369.8,4328457,67b8985d7e89;6ce70e47d45f;8d2e8bf78f51;a326ed103019;fea716bd8f19,58,1.8275862068965518,0.8642132168727162
ResNet50,FedProx,labelskew_0.1,5,0.5173333525657654,0.5033360455655004,0.06759974113000819,0.29848409457110403,0.07936910544316673,0.21747875039926265,0.08439269190177043,0.4031049928179586,0.07596615813454707,0.4031049928179586,169.2,112.0,5347.8,4328457,110d4df8827a;6bf06d4a2950;a98e8d8e0f6b;d35f73b88aed;fb8e851b2a3f,107,2.953271028037383,0.6854836993221605
ResNet50,FedProx,labelskew_1.0,5,0.8075555682182312,0.7695687550854353,0.06370415024649059,0.6643368126977703,0.11353862081743317,0.6563689849765175,0.1189288534410204,0.7152445377007041,0.07945563556888408,0.7152445377007041,524.2,474.2,16522.4,4328457,21f4ef67fdca;6473519b9f98;74812ae7218a;9898123c8df1;dcf3d8cb4a36,107,5.457943925233645,0.43625714108044655
ResNet50,FedProx,project_tss,5,0.3199999928474426,0.28152969894222946,0.0,0.11111111111111112,0.0,0.04881834215167549,0.0,0.18691588785046728,0.0,0.18691588785046728,100.0,5.2,3184.8,4328457,69b81a16b901;a70c8063eba5;c0042566c089;ce8b4cf53288;df877d2221a6,107,1.0,1.0
UNI_v2,FedAvg,iid,5,0.9702222585678101,0.9528071602929211,0.003151329004237115,0.9473742963531429,0.004126516834982969,0.9454862265566227,0.004390499093926117,0.9461542409361725,0.002404277437335011,0.9461542409361725,230.8,180.8,7228.4,6425609,391c0ff51027;7d4472d66823;a834bfc4d67a;e03e5fe5fef4;f94a868f4393,107,6.5607476635514015,0.38290676818747
UNI_v2,FedAvg,institution,5,0.9306666851043701,0.9062652563059398,0.02900478376427656,0.8466388127881151,0.06699809638574067,0.8391861231045178,0.07370579855323674,0.8849628108512835,0.04476361581878905,0.8849628108512835,202.8,152.8,9611.0,6425609,260e60c7cd64;4a091fa113ea;578b82d76abb;b22579d27294;b74a6d1eaeda,58,1.8275862068965518,0.8642132168727162
UNI_v2,FedAvg,labelskew_0.1,5,0.9622222542762756,0.9349064279902359,0.016191821596527607,0.9196026043058986,0.024657090308885837,0.9228290920896509,0.019718501610079996,0.9208295210542928,0.021080887695084028,0.9208295210542928,337.2,287.2,10614.0,6425609,59663c2f428d;687044bb3891;6f65b1d777ff;7b0295f89367;cd1bd7bface1,107,2.953271028037383,0.6854836993221605
UNI_v2,FedAvg,labelskew_1.0,5,0.9697778105735779,0.9554109031733116,0.004359022045884058,0.9502823930126603,0.006297714046222217,0.9493128622199979,0.003822493315982877,0.9502513965208669,0.004491895776478422,0.9502513965208669,256.6,206.6,8060.2,6425609,126c258a743c;9e49fd93ef6a;cd883408b0df;d1101541ab8d;fed236300ac5,107,5.457943925233645,0.43625714108044655
UNI_v2,FedAvg,project_tss,5,0.6204444527626037,0.5930024410089503,0.011584438584354402,0.3442447423770564,0.014878700928787908,0.28399976780857766,0.026483725350030785,0.4330523556527054,0.008217262373115564,0.4330523556527054,181.6,131.6,5786.2,6425609,0a4e8da1cf44;49b52c714b1e;8b1b2b92d984;cc0bcfba5a20;f8aa5e162ff3,107,1.0,1.0
UNI_v2,FedProx,iid,5,0.9733333468437195,0.9545972335231896,0.0022578416477642862,0.9501261075492795,0.003427379440545918,0.9497708035954224,0.0026900326806828397,0.9502429927866066,0.0038605517104973674,0.9502429927866066,243.0,193.0,7609.8,6425609,2227cfb3af32;2ce145b93e44;9f238855c97e;a66c5f033a55;ef760bb5fb32,107,6.5607476635514015,0.38290676818747
UNI_v2,FedProx,institution,5,0.9475555896759034,0.9253051261187958,0.025707325698924578,0.8857130802781373,0.05373420438206092,0.8851536178366188,0.059421670505508395,0.9141955421349583,0.03515684625549393,0.9141955421349583,272.2,222.2,12921.2,6425609,0d0b478db6fa;849b7e5e8c4f;c9b0fe2245ae;e74d56d93fe2;f82284217fe8,58,1.8275862068965518,0.8642132168727162
UNI_v2,FedProx,labelskew_0.1,5,0.9555555820465088,0.9310008136696502,0.003919152019134992,0.9164703301839996,0.00889467200692503,0.9170072458083863,0.005410674513728155,0.9120569593533677,0.006311653612527539,0.9120569593533677,267.0,217.0,8416.6,6425609,3f88dc5e9e24;472bbf399780;785d9fd75921;921ccecc55c8;9af5ac72e41a,107,2.953271028037383,0.6854836993221605
UNI_v2,FedProx,labelskew_1.0,5,0.9706666946411133,0.9570382424735557,0.003746416414392607,0.9543461846401247,0.0029102202040890038,0.9504336464036329,0.0033872753414526183,0.9529843160762166,0.0037629253911218323,0.9529843160762166,264.4,214.4,8323.4,6425609,3159fda91249;624385756bb1;afe4ea7ee7a3;fa1f6767eb8c;ff69599cbf3e,107,5.457943925233645,0.43625714108044655
UNI_v2,FedProx,project_tss,5,0.6333333611488342,0.5959316517493898,0.012468010616356738,0.34914167487877945,0.01623526989533052,0.29061932211815744,0.020045585572990732,0.43425276667488505,0.00767114876896131,0.43425276667488505,187.4,137.4,5966.6,6425609,3b6a590bd20d;5c1138b4ce64;83b50ec4c703;8a903f224c64;e78b18ec27b2,107,1.0,1.0
Virchow2,FedAvg,iid,5,0.9635555744171143,0.938486574450773,0.0029110730382422116,0.9337017567469899,0.002565080528806633,0.9263165808696148,0.002851431986875881,0.931890830213916,0.0035844758186549222,0.931890830213916,227.0,177.0,7111.4,10619913,61579cd9511c;6345923a6f98;668bc9a8654b;a20d37334f5a;d7f272795204,107,6.5607476635514015,0.38290676818747
Virchow2,FedAvg,institution,5,0.9431111335754394,0.907567127746135,0.013586090457114262,0.8609598193767095,0.04301878187878373,0.8539327206895765,0.05101909169180923,0.8961175591124089,0.02304635120085697,0.8961175591124089,213.6,163.6,10127.6,10619913,1796eb719c64;430defd9a709;6097e726f9c2;7b9bc7ca851e;e9bb1daa56a1,58,1.8275862068965518,0.8642132168727162
Virchow2,FedAvg,labelskew_0.1,5,0.9462222337722779,0.920260374288039,0.01483692638633891,0.9082496149930241,0.01784872480967988,0.9040056805902739,0.020053874552360913,0.901244708493825,0.017788982882487172,0.901244708493825,238.2,188.2,7506.8,10619913,03d92a55b24e;09017d48edef;0b429a0184d1;10ef50de794c;d49754a249b0,107,2.953271028037383,0.6854836993221605
Virchow2,FedAvg,labelskew_1.0,5,0.9626666903495789,0.9415785191212368,0.007444076817889409,0.9377596734543276,0.008395947427630992,0.9293910424443972,0.010033385280693165,0.9295346536468033,0.011832527450419746,0.9295346536468033,241.0,191.0,7593.8,10619913,1df07d87228d;2a663b6cd599;3a4b509acb53;51f84de94423;c29e80c767b2,107,5.457943925233645,0.43625714108044655
Virchow2,FedAvg,project_tss,5,0.6391111254692078,0.6255492270138324,0.014908151164786781,0.392756363064923,0.02602735006520517,0.32238298845313906,0.011507641415183349,0.48869924887961547,0.041341701473758576,0.48869924887961547,167.2,114.4,5307.6,10619913,08b7727c8dca;4a37aac21d8e;4efa839b8f31;7d3a47a0fa44;bc986fb4f050,107,1.0,1.0
Virchow2,FedProx,iid,5,0.9635555624961853,0.9410903173311634,0.00516536053640482,0.936379793914319,0.006842541895427328,0.9289928724919259,0.007301320167338473,0.935080649115327,0.007853989737998545,0.935080649115327,229.0,179.0,7152.8,10619913,092c7efd4308;2275c375afcf;5852c13a3511;75d75dedcbd6;c4ce268381fa,107,6.5607476635514015,0.38290676818747
Virchow2,FedProx,institution,5,0.9502222537994385,0.9209113100081368,0.012623685384894901,0.8962889573478167,0.018062060175958614,0.8925540279267444,0.020362968781663507,0.9185466960577635,0.013615728114538268,0.9185466960577635,247.2,197.2,11800.8,10619913,0f7cf09572c1;4d75bcc18195;a83f7ffd0fe1;e8446b46e63a;fbeb4d3d2cb8,58,1.8275862068965518,0.8642132168727162
Virchow2,FedProx,labelskew_0.1,5,0.9524444580078125,0.9280716029292109,0.009808010548611332,0.916367827829425,0.011261800352848702,0.914404631168324,0.010631129691745532,0.9074551510897633,0.010965992972792925,0.9074551510897633,272.4,222.4,8584.4,10619913,4a1c8b8d2b96;67ca781c8f62;7774ad1a99e1;b519f8356644;fad0fd8659c2,107,2.953271028037383,0.6854836993221605
Virchow2,FedProx,labelskew_1.0,5,0.9648889064788818,0.9399511798209927,0.006985248504909606,0.9354254143019982,0.00907881893556381,0.9274583189728253,0.009045034316950343,0.9279030038843123,0.011149303836925408,0.9279030038843123,233.2,183.2,7349.0,10619913,7c1568f56b34;7fc56506beb3;ae93cb7fab42;c3d7116fbe4e;ea65a14cc986,107,5.457943925233645,0.43625714108044655
Virchow2,FedProx,project_tss,5,0.6920000195503235,0.6707892595606184,0.0749384888698799,0.45167183380369663,0.07791992249709741,0.37217162523380026,0.09726458244815445,0.5670897819286937,0.08222813441196994,0.5670897819286937,207.4,151.8,6582.4,10619913,007dfb880a26;4a590372dc1b;9f2c862ae1df;9f659e9c2b46;dd9cffdc30eb,107,1.0,1.0
