cancer,fm,mode,lr,n,val,c,c_sd,c_slide,best_round
BRCA,CTransPath,central,0.001,5,0.8417355371900828,0.6310186436098352,0.02970056481449122,0.6341168914579318,158.2
BRCA,CTransPath,central_strat,0.0001,5,0.771900826446281,0.5924344771683329,0.012407909333534644,0.5508028259473347,32.0
BRCA,CTransPath,fl,0.0003,5,0.7735537190082644,0.5897325047284518,0.010395748984088606,0.5542967244701349,62.0
BRCA,Conch_v15,central,0.001,5,0.8194214876033058,0.6840853823291002,0.04416191902910483,0.6727552986512524,231.4
BRCA,Conch_v15,central_strat,0.001,5,0.7338842975206612,0.6146446906241556,0.021108613881082098,0.5797045600513808,71.4
BRCA,Conch_v15,fl,0.001,5,0.7119834710743802,0.6285328289651446,0.002523127269371224,0.588131021194605,16.2
BRCA,Midnight12k,central,0.0003,5,0.8471074380165289,0.601296946771143,0.003833564744152693,0.5799871547848426,37.2
BRCA,Midnight12k,central_strat,0.0003,5,0.7574380165289256,0.5456903539583896,0.0070474361588567765,0.5334874759152216,30.0
BRCA,Midnight12k,fl,0.001,5,0.7194214876033058,0.5616860308024858,0.007077930139669986,0.5430443159922929,37.6
BRCA,Phikon_v2,central,0.001,5,0.7450413223140495,0.6256146987300729,0.007206216724716526,0.6038278741168914,88.0
BRCA,Phikon_v2,central_strat,0.001,5,0.6719008264462809,0.5540664685220211,0.022921104696451974,0.543121387283237,2.4
BRCA,Phikon_v2,fl,0.0001,5,0.6950413223140496,0.5727100783572008,0.00482436403580993,0.5623378291586384,73.0
BRCA,ResNet50,central,0.001,5,0.8628099173553719,0.617454741961632,0.010347884220999972,0.6341682723185613,208.0
BRCA,ResNet50,central_strat,0.001,5,0.7648760330578512,0.5842745203998919,0.021904815746648983,0.5831984585741811,137.2
BRCA,ResNet50,fl,0.001,5,0.743801652892562,0.5837881653607133,0.003107855635668326,0.554553628773282,80.8
BRCA,UNI_v2,central,0.001,5,0.7493801652892562,0.6397189948662524,0.009253220121266226,0.6179447655748234,90.8
BRCA,UNI_v2,central_strat,0.001,5,0.702892561983471,0.6084301540124291,0.020199299732086545,0.5903147077713552,8.2
BRCA,UNI_v2,fl,0.001,5,0.7243801652892563,0.5749256957579033,0.015879002613835583,0.5672447013487476,216.6
BRCA,Virchow2,central,0.001,5,0.8024793388429752,0.6197243988111321,0.04461552987107281,0.6105587668593448,11.4
BRCA,Virchow2,central_strat,0.001,5,0.7710743801652893,0.5786003782761415,0.02479462767995074,0.5757739242132306,12.4
BRCA,Virchow2,fl,0.001,5,0.7586776859504132,0.6076736017292623,0.0030984449989677277,0.5865895953757225,19.0
COAD,CTransPath,central,0.001,5,0.8239520958083831,0.4892957746478873,0.028956424313543717,0.4961753152780649,137.8
COAD,CTransPath,central_strat,0.001,5,0.6862275449101796,0.45380281690140845,0.011085679197826673,0.4339466611536076,57.0
COAD,CTransPath,fl,0.0001,5,0.7137724550898203,0.4915492957746479,0.026453014043652034,0.4475501343808146,300.8
COAD,Conch_v15,central,0.0001,5,0.8610778443113773,0.6130985915492957,0.006982137779124212,0.6045896216663221,183.6
COAD,Conch_v15,central_strat,0.001,5,0.681437125748503,0.5442253521126761,0.0238263488979155,0.5322720694645442,125.2
COAD,Conch_v15,fl,0.0001,5,0.7197604790419161,0.5653521126760563,0.05088826147279027,0.5568327475708084,131.6
COAD,Midnight12k,central,0.001,5,0.7964071856287426,0.5498591549295775,0.00889946939122488,0.5367376473020468,98.4
COAD,Midnight12k,central_strat,0.001,5,0.7101796407185629,0.42802816901408447,0.010306741620549684,0.41091585693611743,85.2
COAD,Midnight12k,fl,0.001,5,0.6826347305389222,0.47563380281690143,0.013859111988940702,0.4663221004755013,36.8
COAD,Phikon_v2,central,0.001,5,0.8299401197604791,0.5429577464788732,0.007617361849571869,0.5448418441182551,26.2
COAD,Phikon_v2,central_strat,0.001,5,0.8610778443113773,0.4528169014084507,0.01585680316788407,0.4351457514988629,38.8
COAD,Phikon_v2,fl,0.0001,5,0.8922155688622755,0.4950704225352113,0.003265358625174527,0.47583212735166425,258.0
COAD,ResNet50,central,0.001,5,0.8455089820359282,0.502112676056338,0.014075701472751175,0.4874095513748191,376.0
COAD,ResNet50,central_strat,0.001,5,0.6718562874251497,0.49352112676056337,0.07039330379237639,0.48248914616497834,247.4
COAD,ResNet50,fl,0.0003,5,0.5772455089820359,0.5554929577464789,0.022076088866979305,0.547942939838743,1.6
COAD,UNI_v2,central,0.001,5,0.8347305389221557,0.5419718309859155,0.01726142388715893,0.5273103163117635,41.4
COAD,UNI_v2,central_strat,0.001,5,0.7580838323353294,0.42788732394366197,0.005862438137540106,0.41215629522431263,49.6
COAD,UNI_v2,fl,0.0003,5,0.7844311377245509,0.4847887323943662,0.004329697506743494,0.45631589828406033,153.8
COAD,Virchow2,central,0.001,5,0.792814371257485,0.6219718309859156,0.019217740844904477,0.6076493694438702,80.8
COAD,Virchow2,central_strat,0.001,5,0.725748502994012,0.45577464788732397,0.00960951555122009,0.43866032664874927,48.4
COAD,Virchow2,fl,0.001,5,0.7137724550898203,0.4701408450704225,0.003093786286829402,0.4437461236303494,75.2
STAD,CTransPath,central,0.0003,5,0.6584717607973423,0.6078026391279403,0.002970092737933424,0.6109988776655444,56.6
STAD,CTransPath,central_strat,0.001,5,0.6332225913621262,0.6165232358003443,0.0070102340305707,0.6054433221099889,38.6
STAD,CTransPath,fl,0.001,5,0.6106312292358804,0.6030981067125646,0.004858052353417473,0.5904040404040404,79.8
STAD,Conch_v15,central,0.001,5,0.6544850498338871,0.6121629374641422,0.026493975648924445,0.6117845117845118,97.8
STAD,Conch_v15,central_strat,0.001,5,0.693687707641196,0.5967871485943774,0.02767405551497271,0.5968294051627385,89.8
STAD,Conch_v15,fl,0.001,5,0.6691029900332226,0.619162363740677,0.012644063394451314,0.6157126823793491,86.4
STAD,Midnight12k,central,0.001,5,0.5435215946843854,0.5232358003442341,0.01680040213923844,0.5389450056116722,81.8
STAD,Midnight12k,central_strat,0.001,5,0.4980066445182724,0.5289156626506024,0.0133358314132032,0.5471380471380471,142.6
STAD,Midnight12k,fl,0.0001,5,0.467109634551495,0.5483648881239243,0.034005882504314376,0.5787878787878787,40.0
STAD,Phikon_v2,central,0.001,5,0.6671096345514951,0.5219736087205967,0.005842409463270618,0.5067340067340067,184.0
STAD,Phikon_v2,central_strat,0.001,5,0.6352159468438539,0.5491681009753299,0.0019624361877782206,0.5315375982042648,164.8
STAD,Phikon_v2,fl,0.001,5,0.6066445182724253,0.5559380378657488,0.017072491126066024,0.5361952861952861,117.8
STAD,ResNet50,central,0.001,5,0.6458471760797342,0.5472174411933448,0.004145127221615239,0.5496632996632996,104.6
STAD,ResNet50,central_strat,0.001,5,0.5980066445182725,0.5569707401032702,0.004281837787044221,0.5658810325476992,104.0
STAD,ResNet50,fl,0.001,5,0.5940199335548173,0.5586919104991395,0.0013082907918521463,0.5639730639730639,177.4
STAD,UNI_v2,central,0.001,5,0.6312292358803987,0.6013769363166954,0.016198927358880823,0.5920314253647587,130.0
STAD,UNI_v2,central_strat,0.0003,5,0.5966777408637873,0.542512908777969,0.010339763925249627,0.5289562289562288,217.2
STAD,UNI_v2,fl,0.001,5,0.5880398671096346,0.6025243832472749,0.03640635924542152,0.5873737373737373,142.2
STAD,Virchow2,central,0.001,5,0.5863787375415282,0.6064830751577739,0.016966604445777255,0.5963804713804713,163.4
STAD,Virchow2,central_strat,0.001,5,0.5780730897009967,0.5818129661503155,0.03762943699272903,0.5875982042648709,110.8
STAD,Virchow2,fl,0.001,5,0.5249169435215947,0.5874928284566838,0.03992018828490631,0.5815375982042649,79.6
BRCA,CTransPath,central_legacy,0.0003,5,-1.0,0.5594974331261822,0.01792988275194135,0.5653949903660886,300.0
BRCA,CTransPath,fl_legacy_restore,0.0003,5,-1.0,0.5561199675763306,0.015050495830003984,0.5144765574823379,1.0
BRCA,Conch_v15,central_legacy,0.0003,5,-1.0,0.6621994055660633,0.06894032511275693,0.6454720616570327,300.0
BRCA,Conch_v15,fl_legacy_restore,0.0003,5,-1.0,0.5583896244258308,0.050639678058361774,0.5369043031470777,1.0
BRCA,Midnight12k,central_legacy,0.0003,5,-1.0,0.6143744933801675,0.01855863691230809,0.6114193962748876,300.0
BRCA,Midnight12k,fl_legacy_restore,0.0003,5,-1.0,0.5343420697108889,0.014089950787933856,0.506897880539499,1.0
BRCA,Phikon_v2,central_legacy,0.0003,5,-1.0,0.642637125101324,0.007516147211155277,0.6350417469492614,300.0
BRCA,Phikon_v2,fl_legacy_restore,0.0003,5,-1.0,0.58340988921913,0.024408698407760953,0.5559152215799614,1.0
BRCA,ResNet50,central_legacy,0.0003,5,-1.0,0.5920021615779519,0.007521972930059449,0.602466281310212,300.0
BRCA,ResNet50,fl_legacy_restore,0.0003,5,-1.0,0.5630910564712239,0.008987866727089877,0.5496467565831729,1.0
BRCA,UNI_v2,central_legacy,0.0003,5,-1.0,0.6624966225344502,0.01517543042426782,0.6476043673731535,300.0
BRCA,UNI_v2,fl_legacy_restore,0.0003,5,-1.0,0.5700621453661172,0.027837791458333344,0.5408863198458574,1.0
BRCA,Virchow2,central_legacy,0.0003,5,-1.0,0.59886517157525,0.021873130284258007,0.6060757867694284,300.0
BRCA,Virchow2,fl_legacy_restore,0.0003,5,-1.0,0.5805457984328559,0.02703431111263657,0.5512138728323699,1.0
COAD,CTransPath,central_legacy,0.0003,5,-1.0,0.4905633802816901,0.024111878030759114,0.4856729377713459,300.0
COAD,CTransPath,fl_legacy_restore,0.0003,5,-1.0,0.526338028169014,0.04421110831894988,0.5147818896009924,1.0
COAD,Conch_v15,central_legacy,0.0003,5,-1.0,0.6392253521126761,0.03363146121558416,0.6313210667769278,300.0
COAD,Conch_v15,fl_legacy_restore,0.0003,5,-1.0,0.6080281690140845,0.02747652331474239,0.5938805044449038,1.0
COAD,Midnight12k,central_legacy,0.0003,5,-1.0,0.5936619718309859,0.011101325894672113,0.5729170973744055,300.0
COAD,Midnight12k,fl_legacy_restore,0.0003,5,-1.0,0.5497183098591549,0.023476173624126954,0.545627455034112,1.0
COAD,Phikon_v2,central_legacy,0.0003,5,-1.0,0.5283098591549296,0.014648902998373054,0.5212321686996072,300.0
COAD,Phikon_v2,fl_legacy_restore,0.0003,5,-1.0,0.5252112676056339,0.022299604628645994,0.5048583832954311,1.0
COAD,ResNet50,central_legacy,0.0003,5,-1.0,0.5207042253521126,0.004033189031908834,0.5025015505478603,300.0
COAD,ResNet50,fl_legacy_restore,0.0003,5,-1.0,0.5535211267605634,0.04561728095972297,0.5454207153194128,1.0
COAD,UNI_v2,central_legacy,0.0003,5,-1.0,0.5742253521126761,0.0333322587937629,0.56154641306595,300.0
COAD,UNI_v2,fl_legacy_restore,0.0003,5,-1.0,0.5133802816901408,0.02179119499544475,0.49481083316105023,1.0
COAD,Virchow2,central_legacy,0.0003,5,-1.0,0.5784507042253522,0.010236733664980844,0.5647922265867272,300.0
COAD,Virchow2,fl_legacy_restore,0.0003,5,-1.0,0.5383098591549296,0.0406430165061124,0.5096133967335125,1.0
STAD,CTransPath,central_legacy,0.0003,5,-1.0,0.5930005737234654,0.019893400975260694,0.58493265993266,300.0
STAD,CTransPath,fl_legacy_restore,0.0003,5,-1.0,0.5115318416523236,0.027137180555437262,0.5306397306397306,1.0
STAD,Conch_v15,central_legacy,0.0003,5,-1.0,0.519162363740677,0.027756300103910347,0.5138327721661055,300.0
STAD,Conch_v15,fl_legacy_restore,0.0003,5,-1.0,0.5173838209982788,0.0265231557544447,0.5332210998877664,1.0
STAD,Midnight12k,central_legacy,0.0003,5,-1.0,0.5343086632243259,0.012792875485639683,0.5442480359147026,300.0
STAD,Midnight12k,fl_legacy_restore,0.0003,5,-1.0,0.5301204819277109,0.02835726530409042,0.5601571268237935,1.0
STAD,Phikon_v2,central_legacy,0.0003,5,-1.0,0.5518072289156627,0.018203405652295928,0.5315095398428731,300.0
STAD,Phikon_v2,fl_legacy_restore,0.0003,5,-1.0,0.5394148020654045,0.034750312365089256,0.5571829405162738,1.0
STAD,ResNet50,central_legacy,0.0003,5,-1.0,0.5471026965002869,0.013513593134078981,0.544668911335578,300.0
STAD,ResNet50,fl_legacy_restore,0.0003,5,-1.0,0.4812392426850258,0.03231596411400631,0.5065095398428732,1.0
STAD,UNI_v2,central_legacy,0.0003,5,-1.0,0.6091222030981067,0.015294869316647225,0.6025813692480358,300.0
STAD,UNI_v2,fl_legacy_restore,0.0003,5,-1.0,0.5173838209982788,0.02620792401423698,0.5438271604938272,1.0
STAD,Virchow2,central_legacy,0.0003,5,-1.0,0.5888123924268502,0.018436976469103153,0.5879349046015714,300.0
STAD,Virchow2,fl_legacy_restore,0.0003,5,-1.0,0.4865174985656913,0.024862821204842737,0.5102693602693603,1.0
