cancer,fm,mode,lr,val,c
BRCA,CTransPath,central,0.0001,0.7896694214876033,0.5976763037017022
BRCA,CTransPath,central,0.0003,0.8004132231404959,0.594271818427452
BRCA,CTransPath,central,0.001,0.8417355371900828,0.6310186436098352
BRCA,CTransPath,central_legacy,0.0003,-1.0,0.5594974331261822
BRCA,CTransPath,central_strat,0.0001,0.771900826446281,0.5924344771683329
BRCA,CTransPath,central_strat,0.0003,0.7661157024793388,0.5910834909483923
BRCA,CTransPath,central_strat,0.001,0.7681818181818182,0.601999459605512
BRCA,CTransPath,fl,0.0001,0.7727272727272727,0.5836260470143204
BRCA,CTransPath,fl,0.0003,0.7735537190082644,0.5897325047284518
BRCA,CTransPath,fl,0.001,0.7710743801652893,0.5874628478789516
BRCA,CTransPath,fl_legacy_restore,0.0003,-1.0,0.5561199675763306
BRCA,Conch_v15,central,0.0001,0.7669421487603306,0.63204539313699
BRCA,Conch_v15,central,0.0003,0.8082644628099175,0.6519859497433126
BRCA,Conch_v15,central,0.001,0.8194214876033058,0.6840853823291002
BRCA,Conch_v15,central_legacy,0.0003,-1.0,0.6621994055660633
BRCA,Conch_v15,central_strat,0.0001,0.706198347107438,0.6096730613347743
BRCA,Conch_v15,central_strat,0.0003,0.7132231404958678,0.6139421777897865
BRCA,Conch_v15,central_strat,0.001,0.7338842975206612,0.6146446906241556
BRCA,Conch_v15,fl,0.0001,0.709504132231405,0.6177789786544177
BRCA,Conch_v15,fl,0.0003,0.7099173553719008,0.6253985409348826
BRCA,Conch_v15,fl,0.001,0.7119834710743802,0.6285328289651446
BRCA,Conch_v15,fl_legacy_restore,0.0003,-1.0,0.5583896244258308
BRCA,Midnight12k,central,0.0001,0.8458677685950413,0.6043771953526074
BRCA,Midnight12k,central,0.0003,0.8471074380165289,0.601296946771143
BRCA,Midnight12k,central,0.001,0.8471074380165289,0.60772764117806
BRCA,Midnight12k,central_legacy,0.0003,-1.0,0.6143744933801675
BRCA,Midnight12k,central_strat,0.0001,0.7528925619834711,0.5486084841934613
BRCA,Midnight12k,central_strat,0.0003,0.7574380165289256,0.5456903539583896
BRCA,Midnight12k,central_strat,0.001,0.756198347107438,0.5483923263982707
BRCA,Midnight12k,fl,0.0001,0.7177685950413223,0.5596865711969738
BRCA,Midnight12k,fl,0.0003,0.7173553719008264,0.5561740070251283
BRCA,Midnight12k,fl,0.001,0.7194214876033058,0.5616860308024858
BRCA,Midnight12k,fl_legacy_restore,0.0003,-1.0,0.5343420697108889
BRCA,Phikon_v2,central,0.0001,0.7239669421487603,0.629613617941097
BRCA,Phikon_v2,central,0.0003,0.734297520661157,0.6292893812483114
BRCA,Phikon_v2,central,0.001,0.7450413223140495,0.6256146987300729
BRCA,Phikon_v2,central_legacy,0.0003,-1.0,0.642637125101324
BRCA,Phikon_v2,central_strat,0.0001,0.6677685950413224,0.5585517427722237
BRCA,Phikon_v2,central_strat,0.0003,0.6669421487603306,0.5595244528505809
BRCA,Phikon_v2,central_strat,0.001,0.6719008264462809,0.5540664685220211
BRCA,Phikon_v2,fl,0.0001,0.6950413223140496,0.5727100783572008
BRCA,Phikon_v2,fl,0.0003,0.6950413223140496,0.5744393407187247
BRCA,Phikon_v2,fl,0.001,0.6851239669421487,0.5815185085112132
BRCA,Phikon_v2,fl_legacy_restore,0.0003,-1.0,0.58340988921913
BRCA,ResNet50,central,0.0001,0.7863636363636364,0.6196163199135369
BRCA,ResNet50,central,0.0003,0.849586776859504,0.6083761145636315
BRCA,ResNet50,central,0.001,0.8628099173553719,0.617454741961632
BRCA,ResNet50,central_legacy,0.0003,-1.0,0.5920021615779519
BRCA,ResNet50,central_strat,0.0001,0.7276859504132231,0.6028100513374763
BRCA,ResNet50,central_strat,0.0003,0.7198347107438017,0.6016211834639287
BRCA,ResNet50,central_strat,0.001,0.7648760330578512,0.5842745203998919
BRCA,ResNet50,fl,0.0001,0.7264462809917356,0.5670359362334504
BRCA,ResNet50,fl,0.0003,0.740909090909091,0.5825992974871657
BRCA,ResNet50,fl,0.001,0.743801652892562,0.5837881653607133
BRCA,ResNet50,fl_legacy_restore,0.0003,-1.0,0.5630910564712239
BRCA,UNI_v2,central,0.0001,0.7276859504132231,0.6310186436098352
BRCA,UNI_v2,central,0.0003,0.7355371900826446,0.6194001621183464
BRCA,UNI_v2,central,0.001,0.7493801652892562,0.6397189948662524
BRCA,UNI_v2,central_legacy,0.0003,-1.0,0.6624966225344502
BRCA,UNI_v2,central_strat,0.0001,0.6925619834710744,0.6118886787354769
BRCA,UNI_v2,central_strat,0.0003,0.6966942148760331,0.6051337476357741
BRCA,UNI_v2,central_strat,0.001,0.702892561983471,0.6084301540124291
BRCA,UNI_v2,fl,0.0001,0.6632231404958677,0.6118886787354769
BRCA,UNI_v2,fl,0.0003,0.6677685950413224,0.6141042961361795
BRCA,UNI_v2,fl,0.001,0.7243801652892563,0.5749256957579033
BRCA,UNI_v2,fl_legacy_restore,0.0003,-1.0,0.5700621453661172
BRCA,Virchow2,central,0.0001,0.7690082644628099,0.6232369629829776
BRCA,Virchow2,central,0.0003,0.7913223140495868,0.5826533369359632
BRCA,Virchow2,central,0.001,0.8024793388429752,0.6197243988111321
BRCA,Virchow2,central_legacy,0.0003,-1.0,0.59886517157525
BRCA,Virchow2,central_strat,0.0001,0.762396694214876,0.5860578222102134
BRCA,Virchow2,central_strat,0.0003,0.7615702479338843,0.5875168873277492
BRCA,Virchow2,central_strat,0.001,0.7710743801652893,0.5786003782761415
BRCA,Virchow2,fl,0.0001,0.7541322314049588,0.605295865982167
BRCA,Virchow2,fl,0.0003,0.7566115702479339,0.6071332072412862
BRCA,Virchow2,fl,0.001,0.7586776859504132,0.6076736017292623
BRCA,Virchow2,fl_legacy_restore,0.0003,-1.0,0.5805457984328559
COAD,CTransPath,central,0.0001,0.7772455089820359,0.5494366197183098
COAD,CTransPath,central,0.0003,0.7916167664670659,0.5247887323943662
COAD,CTransPath,central,0.001,0.8239520958083831,0.4892957746478873
COAD,CTransPath,central_legacy,0.0003,-1.0,0.4905633802816901
COAD,CTransPath,central_strat,0.0001,0.6838323353293413,0.43535211267605634
COAD,CTransPath,central_strat,0.0003,0.6802395209580838,0.4426760563380282
COAD,CTransPath,central_strat,0.001,0.6862275449101796,0.45380281690140845
COAD,CTransPath,fl,0.0001,0.7137724550898203,0.4915492957746479
COAD,CTransPath,fl,0.0003,0.6910179640718563,0.496056338028169
COAD,CTransPath,fl,0.001,0.7017964071856287,0.49450704225352116
COAD,CTransPath,fl_legacy_restore,0.0003,-1.0,0.526338028169014
COAD,Conch_v15,central,0.0001,0.8610778443113773,0.6130985915492957
COAD,Conch_v15,central,0.0003,0.8395209580838323,0.6195774647887324
COAD,Conch_v15,central,0.001,0.8251497005988024,0.6273239436619719
COAD,Conch_v15,central_legacy,0.0003,-1.0,0.6392253521126761
COAD,Conch_v15,central_strat,0.0001,0.652694610778443,0.5322535211267605
COAD,Conch_v15,central_strat,0.0003,0.6538922155688622,0.5594366197183099
COAD,Conch_v15,central_strat,0.001,0.681437125748503,0.5442253521126761
COAD,Conch_v15,fl,0.0001,0.7197604790419161,0.5653521126760563
COAD,Conch_v15,fl,0.0003,0.7149700598802395,0.5878873239436619
COAD,Conch_v15,fl,0.001,0.7005988023952096,0.5849295774647887
COAD,Conch_v15,fl_legacy_restore,0.0003,-1.0,0.6080281690140845
COAD,Midnight12k,central,0.0001,0.7676646706586826,0.5650704225352113
COAD,Midnight12k,central,0.0003,0.7748502994011977,0.5563380281690141
COAD,Midnight12k,central,0.001,0.7964071856287426,0.5498591549295775
COAD,Midnight12k,central_legacy,0.0003,-1.0,0.5936619718309859
COAD,Midnight12k,central_strat,0.0001,0.6934131736526946,0.44281690140845076
COAD,Midnight12k,central_strat,0.0003,0.6994011976047905,0.42971830985915493
COAD,Midnight12k,central_strat,0.001,0.7101796407185629,0.42802816901408447
COAD,Midnight12k,fl,0.0001,0.6610778443113773,0.4952112676056338
COAD,Midnight12k,fl,0.0003,0.665868263473054,0.4887323943661972
COAD,Midnight12k,fl,0.001,0.6826347305389222,0.47563380281690143
COAD,Midnight12k,fl_legacy_restore,0.0003,-1.0,0.5497183098591549
COAD,Phikon_v2,central,0.0001,0.8287425149700599,0.5461971830985916
COAD,Phikon_v2,central,0.0003,0.8275449101796408,0.547605633802817
COAD,Phikon_v2,central,0.001,0.8299401197604791,0.5429577464788732
COAD,Phikon_v2,central_legacy,0.0003,-1.0,0.5283098591549296
COAD,Phikon_v2,central_strat,0.0001,0.8538922155688622,0.4376056338028169
COAD,Phikon_v2,central_strat,0.0003,0.8526946107784431,0.4408450704225352
COAD,Phikon_v2,central_strat,0.001,0.8610778443113773,0.4528169014084507
COAD,Phikon_v2,fl,0.0001,0.8922155688622755,0.4950704225352113
COAD,Phikon_v2,fl,0.0003,0.8886227544910179,0.49633802816901407
COAD,Phikon_v2,fl,0.001,0.8826347305389222,0.4946478873239437
COAD,Phikon_v2,fl_legacy_restore,0.0003,-1.0,0.5252112676056339
COAD,ResNet50,central,0.0001,0.6550898203592814,0.5623943661971831
COAD,ResNet50,central,0.0003,0.8155688622754491,0.5119718309859155
COAD,ResNet50,central,0.001,0.8455089820359282,0.502112676056338
COAD,ResNet50,central_legacy,0.0003,-1.0,0.5207042253521126
COAD,ResNet50,central_strat,0.0001,0.5652694610778444,0.5647887323943662
COAD,ResNet50,central_strat,0.0003,0.5508982035928144,0.5505633802816902
COAD,ResNet50,central_strat,0.001,0.6718562874251497,0.49352112676056337
COAD,ResNet50,fl,0.0001,0.5676646706586826,0.5652112676056338
COAD,ResNet50,fl,0.0003,0.5772455089820359,0.5554929577464789
COAD,ResNet50,fl,0.001,0.5664670658682635,0.5249295774647887
COAD,ResNet50,fl_legacy_restore,0.0003,-1.0,0.5535211267605634
COAD,UNI_v2,central,0.0001,0.8131736526946108,0.546056338028169
COAD,UNI_v2,central,0.0003,0.8287425149700599,0.5423943661971831
COAD,UNI_v2,central,0.001,0.8347305389221557,0.5419718309859155
COAD,UNI_v2,central_legacy,0.0003,-1.0,0.5742253521126761
COAD,UNI_v2,central_strat,0.0001,0.7508982035928143,0.42845070422535214
COAD,UNI_v2,central_strat,0.0003,0.7520958083832335,0.4267605633802817
COAD,UNI_v2,central_strat,0.001,0.7580838323353294,0.42788732394366197
COAD,UNI_v2,fl,0.0001,0.7485029940119761,0.47281690140845073
COAD,UNI_v2,fl,0.0003,0.7844311377245509,0.4847887323943662
COAD,UNI_v2,fl,0.001,0.7844311377245509,0.4830985915492958
COAD,UNI_v2,fl_legacy_restore,0.0003,-1.0,0.5133802816901408
COAD,Virchow2,central,0.0001,0.7568862275449102,0.6149295774647887
COAD,Virchow2,central,0.0003,0.7712574850299401,0.6091549295774648
COAD,Virchow2,central,0.001,0.792814371257485,0.6219718309859156
COAD,Virchow2,central_legacy,0.0003,-1.0,0.5784507042253522
COAD,Virchow2,central_strat,0.0001,0.7173652694610778,0.47126760563380277
COAD,Virchow2,central_strat,0.0003,0.7125748502994012,0.4708450704225352
COAD,Virchow2,central_strat,0.001,0.725748502994012,0.45577464788732397
COAD,Virchow2,fl,0.0001,0.6934131736526946,0.4898591549295775
COAD,Virchow2,fl,0.0003,0.6970059880239521,0.46436619718309863
COAD,Virchow2,fl,0.001,0.7137724550898203,0.4701408450704225
COAD,Virchow2,fl_legacy_restore,0.0003,-1.0,0.5383098591549296
STAD,CTransPath,central,0.0001,0.6538205980066445,0.6079173838209984
STAD,CTransPath,central,0.0003,0.6584717607973423,0.6078026391279403
STAD,CTransPath,central,0.001,0.6571428571428571,0.6078026391279403
STAD,CTransPath,central_legacy,0.0003,-1.0,0.5930005737234654
STAD,CTransPath,central_strat,0.0001,0.6166112956810632,0.6087205966724039
STAD,CTransPath,central_strat,0.0003,0.6225913621262459,0.6089500860585197
STAD,CTransPath,central_strat,0.001,0.6332225913621262,0.6165232358003443
STAD,CTransPath,fl,0.0001,0.5913621262458472,0.5947217441193345
STAD,CTransPath,fl,0.0003,0.5960132890365448,0.5963281698221458
STAD,CTransPath,fl,0.001,0.6106312292358804,0.6030981067125646
STAD,CTransPath,fl_legacy_restore,0.0003,-1.0,0.5115318416523236
STAD,Conch_v15,central,0.0001,0.6392026578073089,0.6252438324727482
STAD,Conch_v15,central,0.0003,0.6491694352159468,0.6261617900172117
STAD,Conch_v15,central,0.001,0.6544850498338871,0.6121629374641422
STAD,Conch_v15,central_legacy,0.0003,-1.0,0.519162363740677
STAD,Conch_v15,central_strat,0.0001,0.6664451827242525,0.6158347676419965
STAD,Conch_v15,central_strat,0.0003,0.6744186046511628,0.6126219162363741
STAD,Conch_v15,central_strat,0.001,0.693687707641196,0.5967871485943774
STAD,Conch_v15,fl,0.0001,0.6491694352159468,0.62122776821572
STAD,Conch_v15,fl,0.0003,0.653156146179402,0.6238668961560527
STAD,Conch_v15,fl,0.001,0.6691029900332226,0.619162363740677
STAD,Conch_v15,fl_legacy_restore,0.0003,-1.0,0.5173838209982788
STAD,Midnight12k,central,0.0001,0.5089700996677741,0.5337923121055651
STAD,Midnight12k,central,0.0003,0.5215946843853821,0.5327596098680436
STAD,Midnight12k,central,0.001,0.5435215946843854,0.5232358003442341
STAD,Midnight12k,central_legacy,0.0003,-1.0,0.5343086632243259
STAD,Midnight12k,central_strat,0.0001,0.4558139534883721,0.5530694205393001
STAD,Midnight12k,central_strat,0.0003,0.453156146179402,0.5440045897877224
STAD,Midnight12k,central_strat,0.001,0.4980066445182724,0.5289156626506024
STAD,Midnight12k,fl,0.0001,0.467109634551495,0.5483648881239243
STAD,Midnight12k,fl,0.0003,0.45182724252491696,0.5452667814113598
STAD,Midnight12k,fl,0.001,0.46378737541528237,0.5188755020080322
STAD,Midnight12k,fl_legacy_restore,0.0003,-1.0,0.5301204819277109
STAD,Phikon_v2,central,0.0001,0.6046511627906976,0.5502008032128514
STAD,Phikon_v2,central,0.0003,0.6139534883720931,0.5402180149168101
STAD,Phikon_v2,central,0.001,0.6671096345514951,0.5219736087205967
STAD,Phikon_v2,central_legacy,0.0003,-1.0,0.5518072289156627
STAD,Phikon_v2,central_strat,0.0001,0.583388704318937,0.5562822719449225
STAD,Phikon_v2,central_strat,0.0003,0.6059800664451828,0.5371199082042455
STAD,Phikon_v2,central_strat,0.001,0.6352159468438539,0.5491681009753299
STAD,Phikon_v2,fl,0.0001,0.5946843853820598,0.5530694205393001
STAD,Phikon_v2,fl,0.0003,0.5800664451827242,0.5677567412507172
STAD,Phikon_v2,fl,0.001,0.6066445182724253,0.5559380378657488
STAD,Phikon_v2,fl_legacy_restore,0.0003,-1.0,0.5394148020654045
STAD,ResNet50,central,0.0001,0.6372093023255814,0.5435456110154906
STAD,ResNet50,central,0.0003,0.6372093023255814,0.5450372920252439
STAD,ResNet50,central,0.001,0.6458471760797342,0.5472174411933448
STAD,ResNet50,central_legacy,0.0003,-1.0,0.5471026965002869
STAD,ResNet50,central_strat,0.0001,0.5083056478405316,0.5178427997705106
STAD,ResNet50,central_strat,0.0003,0.5960132890365448,0.5601835915088926
STAD,ResNet50,central_strat,0.001,0.5980066445182725,0.5569707401032702
STAD,ResNet50,fl,0.0001,0.4970099667774086,0.5098106712564544
STAD,ResNet50,fl,0.0003,0.586046511627907,0.5602983362019506
STAD,ResNet50,fl,0.001,0.5940199335548173,0.5586919104991395
STAD,ResNet50,fl_legacy_restore,0.0003,-1.0,0.4812392426850258
STAD,UNI_v2,central,0.0001,0.573421926910299,0.6076878944348824
STAD,UNI_v2,central,0.0003,0.5946843853820598,0.5983935742971888
STAD,UNI_v2,central,0.001,0.6312292358803987,0.6013769363166954
STAD,UNI_v2,central_legacy,0.0003,-1.0,0.6091222030981067
STAD,UNI_v2,central_strat,0.0001,0.5534883720930233,0.5731497418244407
STAD,UNI_v2,central_strat,0.0003,0.5966777408637873,0.542512908777969
STAD,UNI_v2,central_strat,0.001,0.5953488372093023,0.5671830177854275
STAD,UNI_v2,fl,0.0001,0.5534883720930233,0.5803786574870913
STAD,UNI_v2,fl,0.0003,0.5720930232558139,0.6
STAD,UNI_v2,fl,0.001,0.5880398671096346,0.6025243832472749
STAD,UNI_v2,fl_legacy_restore,0.0003,-1.0,0.5173838209982788
STAD,Virchow2,central,0.0001,0.5508305647840531,0.642570281124498
STAD,Virchow2,central,0.0003,0.5561461794019934,0.6416523235800344
STAD,Virchow2,central,0.001,0.5863787375415282,0.6064830751577739
STAD,Virchow2,central_legacy,0.0003,-1.0,0.5888123924268502
STAD,Virchow2,central_strat,0.0001,0.5049833887043189,0.5856569133677567
STAD,Virchow2,central_strat,0.0003,0.5182724252491695,0.5981640849110729
STAD,Virchow2,central_strat,0.001,0.5780730897009967,0.5818129661503155
STAD,Virchow2,fl,0.0001,0.49634551495016604,0.5393000573723465
STAD,Virchow2,fl,0.0003,0.4883720930232558,0.570166379804934
STAD,Virchow2,fl,0.001,0.5249169435215947,0.5874928284566838
STAD,Virchow2,fl_legacy_restore,0.0003,-1.0,0.4865174985656913
